Asset,Quote,Provider,Deploy,Whitelist,Class,pyth,base,quote,feedId,maxStaleness,maxConfWidth
1INCH,USD,Pyth,Yes,Yes,PythOracle,0x4305FB66699C3B2702D4d05CF36551390A4c69C6,0x111111111117dc0aa78b770fa6a738034120c302,0x0000000000000000000000000000000000000348,0x63f341689d98a12ef60a5cff1d7f85c70a9e17bf1575f0e7c0b2512d48b1c8b3,120,300
AAVE,USD,Pyth,Yes,Yes,PythOracle,0x4305FB66699C3B2702D4d05CF36551390A4c69C6,0x7Fc66500c84A76Ad7e9c93437bFc5Ac33E2DDaE9,0x0000000000000000000000000000000000000348,0x2b9ab1e972a281585084148ba1389800799bd4be63b957507db1349314e47445,120,300
ACM,USD,Pyth,No,No,PythOracle,0x4305FB66699C3B2702D4d05CF36551390A4c69C6,N/A,0x0000000000000000000000000000000000000348,0xbd640cddb72063e2ede34c6a0baf6699759b9837fcb06aa0e2fbcecb9b65fde7,120,300
ADA,USD,Pyth,No,No,PythOracle,0x4305FB66699C3B2702D4d05CF36551390A4c69C6,N/A,0x0000000000000000000000000000000000000348,0x2a01deaec9e51a579277b34b122399984d0bbf57e2458a7e42fecd2829867a0d,120,300
AERO,USD,Pyth,No,No,PythOracle,0x4305FB66699C3B2702D4d05CF36551390A4c69C6,N/A,0x0000000000000000000000000000000000000348,0x9db37f4d5654aad3e37e2e14ffd8d53265fb3026d1d8f91146539eebaa2ef45f,120,300
AEVO,USD,Pyth,No,No,PythOracle,0x4305FB66699C3B2702D4d05CF36551390A4c69C6,0xb528edbef013aff855ac3c50b381f253af13b997,0x0000000000000000000000000000000000000348,0x104e4d9ba218610b9af53c887f9fcb7396615259867a5a4b5983a65802aeee0b,120,300
AFSUI,USD,Pyth,No,No,PythOracle,0x4305FB66699C3B2702D4d05CF36551390A4c69C6,N/A,0x0000000000000000000000000000000000000348,0x17cd845b16e874485b2684f8b8d1517d744105dbb904eec30222717f4bc9ee0d,120,300
EURA,USD,Pyth,Yes,Yes,PythOracle,0x4305FB66699C3B2702D4d05CF36551390A4c69C6,0x1a7e4e63778b4f12a199c062f3efdd288afcbce8,0x0000000000000000000000000000000000000348,0x84755269cafa0a552ce2962c5ac7369a4da7aef57a01379b87736698387b793b,120,300
AKT,USD,Pyth,No,No,PythOracle,0x4305FB66699C3B2702D4d05CF36551390A4c69C6,N/A,0x0000000000000000000000000000000000000348,0x4ea5bb4d2f5900cc2e97ba534240950740b4d3b89fe712a94a7304fd2fd92702,120,300
ALGO,USD,Pyth,No,No,PythOracle,0x4305FB66699C3B2702D4d05CF36551390A4c69C6,N/A,0x0000000000000000000000000000000000000348,0xfa17ceaf30d19ba51112fdcc750cc83454776f47fb0112e4af07f15f4bb1ebc0,120,300
ALICE,USD,Pyth,No,No,PythOracle,0x4305FB66699C3B2702D4d05CF36551390A4c69C6,0xAC51066d7bEC65Dc4589368da368b212745d63E8,0x0000000000000000000000000000000000000348,0xccca1d2b0d9a9ca72aa2c849329520a378aea0ec7ef14497e67da4050d6cf578,120,300
ALPACA,USD,Pyth,No,No,PythOracle,0x4305FB66699C3B2702D4d05CF36551390A4c69C6,N/A,0x0000000000000000000000000000000000000348,0x9095653620547ece988ec51486dc7a6eb2efddbce8ea5bedbd53bf00cca84cf6,120,300
ALT,USD,Pyth,No,No,PythOracle,0x4305FB66699C3B2702D4d05CF36551390A4c69C6,0x8457CA5040ad67fdebbCC8EdCE889A335Bc0fbFB,0x0000000000000000000000000000000000000348,0x119ff2acf90f68582f5afd6f7d5f12dbae81e4423f165837169d6b94c27fb384,120,300
AMB,USD,Pyth,No,No,PythOracle,0x4305FB66699C3B2702D4d05CF36551390A4c69C6,N/A,0x0000000000000000000000000000000000000348,0xbe4cb6bf8f18e84b1c4fd6fafa7f048a972be26505bd58338eb66c80faa99483,120,300
AMP,USD,Pyth,No,No,PythOracle,0x4305FB66699C3B2702D4d05CF36551390A4c69C6,0xff20817765cb7f73d4bde2e66e067e58d11095c2,0x0000000000000000000000000000000000000348,0xd37e4513ebe235fff81e453d400debaf9a49a5df2b7faa11b3831d35d7e72cb7,120,300
ANKR,USD,Pyth,No,No,PythOracle,0x4305FB66699C3B2702D4d05CF36551390A4c69C6,0x8290333cef9e6d528dd5618fb97a76f268f3edd4,0x0000000000000000000000000000000000000348,0x89a58e1cab821118133d6831f5018fba5b354afb78b2d18f575b3cbf69a4f652,120,300
APE,USD,Pyth,No,No,PythOracle,0x4305FB66699C3B2702D4d05CF36551390A4c69C6,N/A,0x0000000000000000000000000000000000000348,0x15add95022ae13563a11992e727c91bdb6b55bc183d9d747436c80a483d8c864,120,300
API3,USD,Pyth,No,No,PythOracle,0x4305FB66699C3B2702D4d05CF36551390A4c69C6,N/A,0x0000000000000000000000000000000000000348,0x95ea50020cf75a81a105d639fd74773ade522e12044600b52286ff5961c71412,120,300
APT,USD,Pyth,No,No,PythOracle,0x4305FB66699C3B2702D4d05CF36551390A4c69C6,N/A,0x0000000000000000000000000000000000000348,0x03ae4db29ed4ae33d323568895aa00337e658e348b37509f5372ae51f0af00d5,120,300
AR,USD,Pyth,No,No,PythOracle,0x4305FB66699C3B2702D4d05CF36551390A4c69C6,N/A,0x0000000000000000000000000000000000000348,0xf610eae82767039ffc95eef8feaeddb7bbac0673cfe7773b2fde24fd1adb0aee,120,300
ARB,USD,Pyth,No,No,PythOracle,0x4305FB66699C3B2702D4d05CF36551390A4c69C6,0x912CE59144191C1204E64559FE8253a0e49E6548,0x0000000000000000000000000000000000000348,0x3fa4252848f9f0a1480be62745a4629d9eb1322aebab8a791e344b3b9c1adcf5,120,300
ARKM,USD,Pyth,No,No,PythOracle,0x4305FB66699C3B2702D4d05CF36551390A4c69C6,0x6e2a43be0b1d33b726f0ca3b8de60b3482b8b050,0x0000000000000000000000000000000000000348,0x7677dd124dee46cfcd46ff03cf405fb0ed94b1f49efbea3444aadbda939a7ad3,120,300
ASR,USD,Pyth,No,No,PythOracle,0x4305FB66699C3B2702D4d05CF36551390A4c69C6,,0x0000000000000000000000000000000000000348,0xb881c6dad5dd3dc9a83222f8032fb439859288119afc742d43adc305cef151cc,120,300
ASTR,USD,Pyth,No,No,PythOracle,0x4305FB66699C3B2702D4d05CF36551390A4c69C6,,0x0000000000000000000000000000000000000348,0x89b814de1eb2afd3d3b498d296fca3a873e644bafb587e84d181a01edd682853,120,300
ATLAS,USD,Pyth,No,No,PythOracle,0x4305FB66699C3B2702D4d05CF36551390A4c69C6,,0x0000000000000000000000000000000000000348,0x681e0eb7acf9a2a3384927684d932560fb6f67c6beb21baa0f110e993b265386,120,300
ATM,USD,Pyth,No,No,PythOracle,0x4305FB66699C3B2702D4d05CF36551390A4c69C6,,0x0000000000000000000000000000000000000348,0x8ff1200345393bb25be4f4eeb2d97234e91f7e6213f3745a694b1436e700f271,120,300
ATOM,USD,Pyth,No,No,PythOracle,0x4305FB66699C3B2702D4d05CF36551390A4c69C6,,0x0000000000000000000000000000000000000348,0xb00b60f88b03a6a625a8d1c048c3f66653edf217439983d037e7222c4e612819,120,300
AUDIO,USD,Pyth,No,No,PythOracle,0x4305FB66699C3B2702D4d05CF36551390A4c69C6,0x18aaa7115705e8be94bffebde57af9bfc265b998,0x0000000000000000000000000000000000000348,0x2ea070725c82f69be1a730c1730cb229dc3ab44459f41d6f06f0b9ab551e4ddb,120,300
AURORA,USD,Pyth,No,No,PythOracle,0x4305FB66699C3B2702D4d05CF36551390A4c69C6,,0x0000000000000000000000000000000000000348,0x2f7c4f738d498585065a4b87b637069ec99474597da7f0ca349ba8ac3ba9cac5,120,300
AURY,USD,Pyth,No,No,PythOracle,0x4305FB66699C3B2702D4d05CF36551390A4c69C6,,0x0000000000000000000000000000000000000348,0x18667130b9120bcc71d9f8cbe4119e603e3c8f11c2d91745b0b80ec609c9df3b,120,300
AVAX,USD,Pyth,No,No,PythOracle,0x4305FB66699C3B2702D4d05CF36551390A4c69C6,,0x0000000000000000000000000000000000000348,0x93da3352f9f1d105fdfe4971cfa80e9dd777bfc5d0f683ebb6e1294b92137bb7,120,300
AXL,USD,Pyth,No,No,PythOracle,0x4305FB66699C3B2702D4d05CF36551390A4c69C6,0x467719ad09025fcc6cf6f8311755809d45a5e5f3,0x0000000000000000000000000000000000000348,0x60144b1d5c9e9851732ad1d9760e3485ef80be39b984f6bf60f82b28a2b7f126,120,300
AXS,USD,Pyth,No,No,PythOracle,0x4305FB66699C3B2702D4d05CF36551390A4c69C6,,0x0000000000000000000000000000000000000348,0xb7e3904c08ddd9c0c10c6d207d390fd19e87eb6aab96304f571ed94caebdefa0,120,300
BAL,USD,Pyth,Yes,Yes,PythOracle,0x4305FB66699C3B2702D4d05CF36551390A4c69C6,0xba100000625a3754423978a60c9317c58a424e3d,0x0000000000000000000000000000000000000348,0x07ad7b4a7662d19a6bc675f6b467172d2f3947fa653ca97555a9b20236406628,120,300
BAND,USD,Pyth,No,No,PythOracle,0x4305FB66699C3B2702D4d05CF36551390A4c69C6,0xba11d00c5f74255f56a5e366f4f77f5a186d7f55,0x0000000000000000000000000000000000000348,0x5ab188823c117b3ac791391752f95fd701d923ccffa3436ecf7ba5d4bb4bd678,120,300
BAR,USD,Pyth,No,No,PythOracle,0x4305FB66699C3B2702D4d05CF36551390A4c69C6,,0x0000000000000000000000000000000000000348,0x9d23a47f843f5c9284832ae6e76e4aa067dc6072a58f151d39a65a4cc792ef9f,120,300
BAT,USD,Pyth,No,No,PythOracle,0x4305FB66699C3B2702D4d05CF36551390A4c69C6,0x0d8775f648430679a709e98d2b0cb6250d2887ef,0x0000000000000000000000000000000000000348,0x8e860fb74e60e5736b455d82f60b3728049c348e94961add5f961b02fdee2535,120,300
BCH,USD,Pyth,No,No,PythOracle,0x4305FB66699C3B2702D4d05CF36551390A4c69C6,,0x0000000000000000000000000000000000000348,0x3dd2b63686a450ec7290df3a1e0b583c0481f651351edfa7636f39aed55cf8a3,120,300
BEAM,USD,Pyth,No,No,PythOracle,0x4305FB66699C3B2702D4d05CF36551390A4c69C6,0x62d0a8458ed7719fdaf978fe5929c6d342b0bfce,0x0000000000000000000000000000000000000348,0x3871d0ef1cf9e26005e4bbf7822f67a8883071a9d8a4e7a0125d2484cca7671f,120,300
BETH,USD,Pyth,No,No,PythOracle,0x4305FB66699C3B2702D4d05CF36551390A4c69C6,,0x0000000000000000000000000000000000000348,0x7f981f906d7cfe93f618804f1de89e0199ead306edc022d3230b3e8305f391b0,120,300
BGB,USD,Pyth,No,No,PythOracle,0x4305FB66699C3B2702D4d05CF36551390A4c69C6,,0x0000000000000000000000000000000000000348,0x708bfcf418ead52a408407b039f2c33ce24ddc80d6dcb6d1cffef91c156c80fa,120,300
BIFI,USD,Pyth,Yes,No,PythOracle,0x4305FB66699C3B2702D4d05CF36551390A4c69C6,0xb1f1ee126e9c96231cc3d3fad7c08b4cf873b1f1,0x0000000000000000000000000000000000000348,0x70cd05521e3bdeaee2cadc1360f0d95397f03275f273199be35a029114f53a3b,120,300
BITCOIN,USD,Pyth,No,No,PythOracle,0x4305FB66699C3B2702D4d05CF36551390A4c69C6,,0x0000000000000000000000000000000000000348,0xc5e0e0c92116c0c070a242b254270441a6201af680a33e0381561c59db3266c9,120,300
BLAST,USD,Pyth,No,No,PythOracle,0x4305FB66699C3B2702D4d05CF36551390A4c69C6,,0x0000000000000000000000000000000000000348,0x057345a7e9ef0f36dca8ad1c4e5788808b85f3084cc7b0d8cb29ac5012d88f0d,120,300
BLUR,USD,Pyth,No,No,PythOracle,0x4305FB66699C3B2702D4d05CF36551390A4c69C6,0x5283d291dbcf85356a21ba090e6db59121208b44,0x0000000000000000000000000000000000000348,0x856aac602516addee497edf6f50d39e8c95ae5fb0da1ed434a8c2ab9c3e877e9,120,300
BLZE,USD,Pyth,No,No,PythOracle,0x4305FB66699C3B2702D4d05CF36551390A4c69C6,,0x0000000000000000000000000000000000000348,0x93c3def9b169f49eed14c9d73ed0e942c666cf0e1290657ec82038ebb792c2a8,120,300
BNB,USD,Pyth,No,No,PythOracle,0x4305FB66699C3B2702D4d05CF36551390A4c69C6,,0x0000000000000000000000000000000000000348,0x2f95862b045670cd22bee3114c39763a4a08beeb663b145d283c31d7d1101c4f,120,300
BOBA,USD,Pyth,No,No,PythOracle,0x4305FB66699C3B2702D4d05CF36551390A4c69C6,,0x0000000000000000000000000000000000000348,0xd1e9cff9b8399f9867819a3bf1aa8c2598234eecfd36ddc3a7bc7848432184b5,120,300
BODEN,USD,Pyth,No,No,PythOracle,0x4305FB66699C3B2702D4d05CF36551390A4c69C6,,0x0000000000000000000000000000000000000348,0x7bd87c3390d2c88d4699c7621fd857e0982027723751ce6e98bcc7604a407976,120,300
BOME,USD,Pyth,No,No,PythOracle,0x4305FB66699C3B2702D4d05CF36551390A4c69C6,,0x0000000000000000000000000000000000000348,0x30e4780570973e438fdb3f1b7ad22618b2fc7333b65c7853a7ca144c39052f7a,120,300
BONK,USD,Pyth,No,No,PythOracle,0x4305FB66699C3B2702D4d05CF36551390A4c69C6,,0x0000000000000000000000000000000000000348,0x72b021217ca3fe68922a19aaf990109cb9d84e9ad004b4d2025ad6f529314419,120,300
BORG,USD,Pyth,No,No,PythOracle,0x4305FB66699C3B2702D4d05CF36551390A4c69C6,,0x0000000000000000000000000000000000000348,0xef3f94c52ecc3a624fa0fa51ab2b562f70d8f98ff505bb36cbc08c22b1aff628,120,300
BRZ,USD,Pyth,No,No,PythOracle,0x4305FB66699C3B2702D4d05CF36551390A4c69C6,,0x0000000000000000000000000000000000000348,0x1ce9069708fb49e2f1b062fa4f1be0bb151475ca506939d6d8c14386d49f43dc,120,300
BSOL,USD,Pyth,No,No,PythOracle,0x4305FB66699C3B2702D4d05CF36551390A4c69C6,,0x0000000000000000000000000000000000000348,0x89875379e70f8fbadc17aef315adf3a8d5d160b811435537e03c97e8aac97d9c,120,300
BSV,USD,Pyth,No,No,PythOracle,0x4305FB66699C3B2702D4d05CF36551390A4c69C6,,0x0000000000000000000000000000000000000348,0xb44565b8b9b39ab2f4ba792f1c8f8aa8ef7d780e709b191637ef886d96fd1472,120,300
BTC,USD,Pyth,Yes,No,PythOracle,0x4305FB66699C3B2702D4d05CF36551390A4c69C6,0xbBbBBBBbbBBBbbbBbbBbbbbBBbBbbbbBbBbbBBbB,0x0000000000000000000000000000000000000348,0xe62df6c8b4a85fe1a67db44dc12de5db330f7ac66b72dc658afedf0f4a415b43,120,300
BTT,USD,Pyth,No,No,PythOracle,0x4305FB66699C3B2702D4d05CF36551390A4c69C6,,0x0000000000000000000000000000000000000348,0x097d687437374051c75160d648800f021086bc8edf469f11284491fda8192315,120,300
C98,USD,Pyth,No,No,PythOracle,0x4305FB66699C3B2702D4d05CF36551390A4c69C6,0xae12c5930881c53715b369cec7606b70d8eb229f,0x0000000000000000000000000000000000000348,0x2dd14c7c38aa7066c7a508aac299ebcde5165b07d5d9f2d94dfbfe41f0bc5f2e,120,300
CAKE,USD,Pyth,No,No,PythOracle,0x4305FB66699C3B2702D4d05CF36551390A4c69C6,,0x0000000000000000000000000000000000000348,0x2356af9529a1064d41e32d617e2ce1dca5733afa901daba9e2b68dee5d53ecf9,120,300
CANTO,USD,Pyth,No,No,PythOracle,0x4305FB66699C3B2702D4d05CF36551390A4c69C6,,0x0000000000000000000000000000000000000348,0x972776d57490d31c32279c16054e5c01160bd9a2e6af8b58780c82052b053549,120,300
CBETH,USD,Pyth,Yes,Yes,PythOracle,0x4305FB66699C3B2702D4d05CF36551390A4c69C6,0xbe9895146f7af43049ca1c1ae358b0541ea49704,0x0000000000000000000000000000000000000348,0x15ecddd26d49e1a8f1de9376ebebc03916ede873447c1255d2d5891b92ce5717,120,300
CELO,USD,Pyth,No,No,PythOracle,0x4305FB66699C3B2702D4d05CF36551390A4c69C6,,0x0000000000000000000000000000000000000348,0x7d669ddcdd23d9ef1fa9a9cc022ba055ec900e91c4cb960f3c20429d4447a411,120,300
CELR,USD,Pyth,No,No,PythOracle,0x4305FB66699C3B2702D4d05CF36551390A4c69C6,,0x0000000000000000000000000000000000000348,0x20841878a1c4d3ea4587603e2cb55b32afae64402f281652f5a3b94155ff27e9,120,300
CETUS,USD,Pyth,No,No,PythOracle,0x4305FB66699C3B2702D4d05CF36551390A4c69C6,,0x0000000000000000000000000000000000000348,0xe5b274b2611143df055d6e7cd8d93fe1961716bcd4dca1cad87a83bc1e78c1ef,120,300
CFX,USD,Pyth,No,No,PythOracle,0x4305FB66699C3B2702D4d05CF36551390A4c69C6,,0x0000000000000000000000000000000000000348,0x8879170230c9603342f3837cf9a8e76c61791198fb1271bb2552c9af7b33c933,120,300
CHR,USD,Pyth,No,No,PythOracle,0x4305FB66699C3B2702D4d05CF36551390A4c69C6,0x8a2279d4a90b6fe1c4b30fa660cc9f926797baa2,0x0000000000000000000000000000000000000348,0xbd4dbcbfd90e6bc6c583e07ffcb5cb6d09a0c7b1221805211ace08c837859627,120,300
CHZ,USD,Pyth,No,No,PythOracle,0x4305FB66699C3B2702D4d05CF36551390A4c69C6,0x3506424f91fd33084466f402d5d97f05f8e3b4af,0x0000000000000000000000000000000000000348,0xe799f456b358a2534aa1b45141d454ac04b444ed23b1440b778549bb758f2b5c,120,300
CITY,USD,Pyth,No,No,PythOracle,0x4305FB66699C3B2702D4d05CF36551390A4c69C6,,0x0000000000000000000000000000000000000348,0x9c479b12a2b2c1051715d4d462dd7a6abbb6dccabf3af31a53f6130a1cd88efc,120,300
COMP,USD,Pyth,No,No,PythOracle,0x4305FB66699C3B2702D4d05CF36551390A4c69C6,0xc00e94cb662c3520282e6f5717214004a7f26888,0x0000000000000000000000000000000000000348,0x4a8e42861cabc5ecb50996f92e7cfa2bce3fd0a2423b0c44c9b423fb2bd25478,120,300
COQ,USD,Pyth,No,No,PythOracle,0x4305FB66699C3B2702D4d05CF36551390A4c69C6,,0x0000000000000000000000000000000000000348,0x5cc87aaa7df22e5ac77f6a4bc50569129eb00396fd9fd68569e748e7e96fdf90,120,300
CORE,USD,Pyth,No,No,PythOracle,0x4305FB66699C3B2702D4d05CF36551390A4c69C6,0x62359ed7505efc61ff1d56fef82158ccaffa23d7,0x0000000000000000000000000000000000000348,0x9b4503710cc8c53f75c30e6e4fda1a7064680ef2e0ee97acd2e3a7c37b3c830c,120,300
COW,USD,Pyth,No,No,PythOracle,0x4305FB66699C3B2702D4d05CF36551390A4c69C6,0xDEf1CA1fb7FBcDC777520aa7f396b4E015F497aB,0x0000000000000000000000000000000000000348,0x4e53c6ef1f2f9952facdcf64551edb6d2a550985484ccce6a0477cae4c1bca3e,120,300
CRO,USD,Pyth,No,No,PythOracle,0x4305FB66699C3B2702D4d05CF36551390A4c69C6,0xa0b73e1ff0b80914ab6fe0444e65848c4c34450b,0x0000000000000000000000000000000000000348,0x23199c2bcb1303f667e733b9934db9eca5991e765b45f5ed18bc4b231415f2fe,120,300
CRV,USD,Pyth,Yes,Yes,PythOracle,0x4305FB66699C3B2702D4d05CF36551390A4c69C6,0xD533a949740bb3306d119CC777fa900bA034cd52,0x0000000000000000000000000000000000000348,0xa19d04ac696c7a6616d291c7e5d1377cc8be437c327b75adb5dc1bad745fcae8,120,300
CSPR,USD,Pyth,No,No,PythOracle,0x4305FB66699C3B2702D4d05CF36551390A4c69C6,,0x0000000000000000000000000000000000000348,0x4871d73dd24d2c92a531ce571d48da9a5f22ff946bd5b37bc38c6f479c7df158,120,300
CTSI,USD,Pyth,No,No,PythOracle,0x4305FB66699C3B2702D4d05CF36551390A4c69C6,0x491604c0fdf08347dd1fa4ee062a822a5dd06b5d,0x0000000000000000000000000000000000000348,0x14eb6f846b84f37c841ce7a52a38706e54966df84b3a09cc40499b164af05672,120,300
CUSD,USD,Pyth,No,No,PythOracle,0x4305FB66699C3B2702D4d05CF36551390A4c69C6,,0x0000000000000000000000000000000000000348,0x8f218655050a1476b780185e89f19d2b1e1f49e9bd629efad6ac547a946bf6ab,120,300
CVX,USD,Pyth,Yes,Yes,PythOracle,0x4305FB66699C3B2702D4d05CF36551390A4c69C6,0x4e3fbd56cd56c3e72c1403e103b45db9da5b9d2b,0x0000000000000000000000000000000000000348,0x6aac625e125ada0d2a6b98316493256ca733a5808cd34ccef79b0e28c64d1e76,120,300
DAI,USD,Pyth,Yes,Yes,PythOracle,0x4305FB66699C3B2702D4d05CF36551390A4c69C6,0x6b175474e89094c44da98b954eedeac495271d0f,0x0000000000000000000000000000000000000348,0xb0948a5e5313200c632b51bb5ca32f6de0d36e9950a942d19751e833f70dabfd,120,300
DAR,USD,Pyth,No,No,PythOracle,0x4305FB66699C3B2702D4d05CF36551390A4c69C6,,0x0000000000000000000000000000000000000348,0xd57d90cd8554ea0cf8268de30d5ad67fed9a8f11cce5132a49eb687aed832ea6,120,300
DASH,USD,Pyth,No,No,PythOracle,0x4305FB66699C3B2702D4d05CF36551390A4c69C6,,0x0000000000000000000000000000000000000348,0x6147ae2020c6ff95f7c961f79660020f36fa72cea06452a866d5788cbedf61f3,120,300
DODO,USD,Pyth,No,No,PythOracle,0x4305FB66699C3B2702D4d05CF36551390A4c69C6,0x43dfc4159d86f3a37a5a4b3d4580b888ad7d4ddd,0x0000000000000000000000000000000000000348,0x688aa41b26a19db08855aaf87723a0eda91b8a830b782c3215bca3b208fad81a,120,300
DOGE,USD,Pyth,No,No,PythOracle,0x4305FB66699C3B2702D4d05CF36551390A4c69C6,,0x0000000000000000000000000000000000000348,0xdcef50dd0a4cd2dcc17e45df1676dcb336a11a61c69df7a0299b0150c672d25c,120,300
DOT,USD,Pyth,No,No,PythOracle,0x4305FB66699C3B2702D4d05CF36551390A4c69C6,,0x0000000000000000000000000000000000000348,0xca3eed9b267293f6595901c734c7525ce8ef49adafe8284606ceb307afa2ca5b,120,300
DRIFT,USD,Pyth,No,No,PythOracle,0x4305FB66699C3B2702D4d05CF36551390A4c69C6,,0x0000000000000000000000000000000000000348,0x5c1690b27bb02446db17cdda13ccc2c1d609ad6d2ef5bf4983a85ea8b6f19d07,120,300
DYDX,USD,Pyth,No,No,PythOracle,0x4305FB66699C3B2702D4d05CF36551390A4c69C6,0x92d6c1e31e14520e676a687f0a93788b716beff5,0x0000000000000000000000000000000000000348,0x6489800bb8974169adfe35937bf6736507097d13c190d760c557108c7e93a81b,120,300
DYM,USD,Pyth,No,No,PythOracle,0x4305FB66699C3B2702D4d05CF36551390A4c69C6,,0x0000000000000000000000000000000000000348,0xa9f3b2a89c6f85a6c20a9518abde39b944e839ca49a0c92307c65974d3f14a57,120,300
EDU,USD,Pyth,No,No,PythOracle,0x4305FB66699C3B2702D4d05CF36551390A4c69C6,0xf8173a39c56a554837c4c7f104153a005d284d11,0x0000000000000000000000000000000000000348,0xc8593010ca5b82738a061887d22d42cd0b85861fa9d1677835070a43958090d0,120,300
EGLD,USD,Pyth,No,No,PythOracle,0x4305FB66699C3B2702D4d05CF36551390A4c69C6,,0x0000000000000000000000000000000000000348,0xee326a761a4b53629a29fc64bf47dda18cb2eea0bef22da7144dbdc130d112fc,120,300
ELON,USD,Pyth,No,No,PythOracle,0x4305FB66699C3B2702D4d05CF36551390A4c69C6,0x761d38e5ddf6ccf6cf7c55759d5210750b5d60f3,0x0000000000000000000000000000000000000348,0xc9cf25cd0df326b7fb3548b37d38e1e5c6ba202188a44ad98b79335c2b202f7b,120,300
ENA,USD,Pyth,Yes,Yes,PythOracle,0x4305FB66699C3B2702D4d05CF36551390A4c69C6,0x57e114B691Db790C35207b2e685D4A43181e6061,0x0000000000000000000000000000000000000348,0xb7910ba7322db020416fcac28b48c01212fd9cc8fbcbaf7d30477ed8605f6bd4,120,300
ENJ,USD,Pyth,No,No,PythOracle,0x4305FB66699C3B2702D4d05CF36551390A4c69C6,,0x0000000000000000000000000000000000000348,0x5cc254b7cb9532df39952aee2a6d5497b42ec2d2330c7b76147f695138dbd9f3,120,300
ENS,USD,Pyth,Yes,Yes,PythOracle,0x4305FB66699C3B2702D4d05CF36551390A4c69C6,0xC18360217D8F7Ab5e7c516566761Ea12Ce7F9D72,0x0000000000000000000000000000000000000348,0xb98ab6023650bd2edc026b983fb7c2f8fa1020286f1ba6ecf3f4322cd83b72a6,120,300
EOS,USD,Pyth,No,No,PythOracle,0x4305FB66699C3B2702D4d05CF36551390A4c69C6,,0x0000000000000000000000000000000000000348,0x06ade621dbc31ed0fc9255caaab984a468abe84164fb2ccc76f02a4636d97e31,120,300
ERN,USD,Pyth,No,No,PythOracle,0x4305FB66699C3B2702D4d05CF36551390A4c69C6,0xbbc2ae13b23d715c30720f079fcd9b4a74093505,0x0000000000000000000000000000000000000348,0xd0798c1e23efe9eb484de00a342948080343971d08a7b5725b12cb54fc5a89c7,120,300
ETC,USD,Pyth,No,No,PythOracle,0x4305FB66699C3B2702D4d05CF36551390A4c69C6,,0x0000000000000000000000000000000000000348,0x7f5cc8d963fc5b3d2ae41fe5685ada89fd4f14b435f8050f28c7fd409f40c2d8,120,300
ETH,BTC,Pyth,No,No,PythOracle,0x4305FB66699C3B2702D4d05CF36551390A4c69C6,,,0xc96458d393fe9deb7a7d63a0ac41e2898a67a7750dbd166673279e06c868df0a,120,300
ETH,USD,Pyth,Yes,Yes,PythOracle,0x4305FB66699C3B2702D4d05CF36551390A4c69C6,0xc02aaa39b223fe8d0a0e5c4f27ead9083c756cc2,0x0000000000000000000000000000000000000348,0xff61491a931112ddf1bd8147cd1b641375f79f5825126d665480874634fd0ace,120,300
ETHFI,USD,Pyth,Yes,Yes,PythOracle,0x4305FB66699C3B2702D4d05CF36551390A4c69C6,0xFe0c30065B384F05761f15d0CC899D4F9F9Cc0eB,0x0000000000000000000000000000000000000348,0xb27578a9654246cb0a2950842b92330e9ace141c52b63829cc72d5c45a5a595a,120,300
EURC,USD,Pyth,Yes,Yes,PythOracle,0x4305FB66699C3B2702D4d05CF36551390A4c69C6,0x1abaea1f7c830bd89acc67ec4af516284b1bc33c,0x0000000000000000000000000000000000000348,0x76fa85158bf14ede77087fe3ae472f66213f6ea2f5b411cb2de472794990fa5c,120,300
EVMOS,USD,Pyth,No,No,PythOracle,0x4305FB66699C3B2702D4d05CF36551390A4c69C6,,0x0000000000000000000000000000000000000348,0xc19405e4c8bdcbf2a66c37ae05a27d385c8309e9d648ed20dc6ee717e7d30e17,120,300
EZETH,USD,Pyth,Yes,Yes,PythOracle,0x4305FB66699C3B2702D4d05CF36551390A4c69C6,0xbf5495efe5db9ce00f80364c8b423567e58d2110,0x0000000000000000000000000000000000000348,0x06c217a791f5c4f988b36629af4cb88fad827b2485400a358f3b02886b54de92,120,300
FDUSD,USD,Pyth,No,No,PythOracle,0x4305FB66699C3B2702D4d05CF36551390A4c69C6,0xc5f0f7b66764F6ec8C8Dff7BA683102295E16409,0x0000000000000000000000000000000000000348,0xccdc1a08923e2e4f4b1e6ea89de6acbc5fe1948e9706f5604b8cb50bc1ed3979,120,300
FIDA,USD,Pyth,No,No,PythOracle,0x4305FB66699C3B2702D4d05CF36551390A4c69C6,,0x0000000000000000000000000000000000000348,0xc80657b7f6f3eac27218d09d5a4e54e47b25768d9f5e10ac15fe2cf900881400,120,300
FIL,USD,Pyth,No,No,PythOracle,0x4305FB66699C3B2702D4d05CF36551390A4c69C6,,0x0000000000000000000000000000000000000348,0x150ac9b959aee0051e4091f0ef5216d941f590e1c5e7f91cf7635b5c11628c0e,120,300
FLOKI,USD,Pyth,No,No,PythOracle,0x4305FB66699C3B2702D4d05CF36551390A4c69C6,0xcf0c122c6b73ff809c693db761e7baebe62b6a2e,0x0000000000000000000000000000000000000348,0x6b1381ce7e874dc5410b197ac8348162c0dd6c0d4c9cd6322672d6c2b1d58293,120,300
FLOW,USD,Pyth,No,No,PythOracle,0x4305FB66699C3B2702D4d05CF36551390A4c69C6,0x5c147e74D63B1D31AA3Fd78Eb229B65161983B2b,0x0000000000000000000000000000000000000348,0x2fb245b9a84554a0f15aa123cbb5f64cd263b59e9a87d80148cbffab50c69f30,120,300
FRAX,USD,Pyth,Yes,Yes,PythOracle,0x4305FB66699C3B2702D4d05CF36551390A4c69C6,0x853d955acef822db058eb8505911ed77f175b99e,0x0000000000000000000000000000000000000348,0xc3d5d8d6d17081b3d0bbca6e2fa3a6704bb9a9561d9f9e1dc52db47629f862ad,120,300
FRXETH,USD,Pyth,Yes,Yes,PythOracle,0x4305FB66699C3B2702D4d05CF36551390A4c69C6,0x5E8422345238F34275888049021821E8E08CAa1f,0x0000000000000000000000000000000000000348,0x29240ee3a9024d107888eb1d4c527216f06bd64cee030c6b5575b1a8d77cb659,120,300
FTM,USD,Pyth,No,No,PythOracle,0x4305FB66699C3B2702D4d05CF36551390A4c69C6,0x853d955acef822db058eb8505911ed77f175b99e,0x0000000000000000000000000000000000000348,0x5c6c0d2386e3352356c3ab84434fafb5ea067ac2678a38a338c4a69ddc4bdb0c,120,300
FTT,USD,Pyth,No,No,PythOracle,0x4305FB66699C3B2702D4d05CF36551390A4c69C6,,0x0000000000000000000000000000000000000348,0x6c75e52531ec5fd3ef253f6062956a8508a2f03fa0a209fb7fbc51efd9d35f88,120,300
FXS,USD,Pyth,Yes,Yes,PythOracle,0x4305FB66699C3B2702D4d05CF36551390A4c69C6,0x3432b6a60d23ca0dfca7761b7ab56459d9c964d0,0x0000000000000000000000000000000000000348,0x735f591e4fed988cd38df74d8fcedecf2fe8d9111664e0fd500db9aa78b316b1,120,300
GAL,USD,Pyth,No,No,PythOracle,0x4305FB66699C3B2702D4d05CF36551390A4c69C6,0x5fAa989Af96Af85384b8a938c2EdE4A7378D9875,0x0000000000000000000000000000000000000348,0x301377b122716cee1a498e7930a1836c0b1db84667cc78bbbcbad6c330ea6afb,120,300
GALA,USD,Pyth,No,No,PythOracle,0x4305FB66699C3B2702D4d05CF36551390A4c69C6,0xd1d2Eb1B1e90B638588728b4130137D262C87cae,0x0000000000000000000000000000000000000348,0x0781209c28fda797616212b7f94d77af3a01f3e94a5d421760aef020cf2bcb51,120,300
GHO,USD,Pyth,Yes,Yes,PythOracle,0x4305FB66699C3B2702D4d05CF36551390A4c69C6,0x40D16FC0246aD3160Ccc09B8D0D3A2cD28aE6C2f,0x0000000000000000000000000000000000000348,0x2a0e948f637a8c251d9f06055e72eb4b3880dd57848bbdb02993c8165d7df4ee,120,300
GLMR,USD,Pyth,No,No,PythOracle,0x4305FB66699C3B2702D4d05CF36551390A4c69C6,,0x0000000000000000000000000000000000000348,0x309d39a65343d45824f63dc6caa75dbf864834f48cfaa6deb122c62239e06474,120,300
GMT,USD,Pyth,No,No,PythOracle,0x4305FB66699C3B2702D4d05CF36551390A4c69C6,,0x0000000000000000000000000000000000000348,0xbaa284eaf23edf975b371ba2818772f93dbae72836bbdea28b07d40f3cf8b485,120,300
GMX,USD,Pyth,No,No,PythOracle,0x4305FB66699C3B2702D4d05CF36551390A4c69C6,,0x0000000000000000000000000000000000000348,0xb962539d0fcb272a494d65ea56f94851c2bcf8823935da05bd628916e2e9edbf,120,300
GNO,USD,Pyth,Yes,Yes,PythOracle,0x4305FB66699C3B2702D4d05CF36551390A4c69C6,0x6810e776880c02933d47db1b9fc05908e5386b96,0x0000000000000000000000000000000000000348,0xc5f60d00d926ee369ded32a38a6bd5c1e0faa936f91b987a5d0dcf3c5d8afab0,120,300
GNS,USD,Pyth,No,No,PythOracle,0x4305FB66699C3B2702D4d05CF36551390A4c69C6,,0x0000000000000000000000000000000000000348,0x5a5d5f7fb72cc84b579d74d1c06d258d751962e9a010c0b1cce7e6023aacb71b,120,300
GOFX,USD,Pyth,No,No,PythOracle,0x4305FB66699C3B2702D4d05CF36551390A4c69C6,,0x0000000000000000000000000000000000000348,0x6034b1f68b9363dff2cf9d53b1a88fb4d0929c65f34d532db53738853efc00ad,120,300
GRAIL,USD,Pyth,No,No,PythOracle,0x4305FB66699C3B2702D4d05CF36551390A4c69C6,,0x0000000000000000000000000000000000000348,0x48f3736d94693aa73c11214c4176ba7f997a8329f4dbc3854c4b2686861132ce,120,300
GRT,USD,Pyth,Yes,Yes,PythOracle,0x4305FB66699C3B2702D4d05CF36551390A4c69C6,0xc944e90c64b2c07662a292be6244bdf05cda44a7,0x0000000000000000000000000000000000000348,0x4d1f8dae0d96236fb98e8f47471a366ec3b1732b47041781934ca3a9bb2f35e7,120,300
GT,USD,Pyth,No,No,PythOracle,0x4305FB66699C3B2702D4d05CF36551390A4c69C6,0xe66747a101bff2dba3697199dcce5b743b454759,0x0000000000000000000000000000000000000348,0x051ee6cdd581106d0291dfd9b0ee13e6b4dde8fb251afd262c2ba5444257daa8,120,300
GUSD,USD,Pyth,No,No,PythOracle,0x4305FB66699C3B2702D4d05CF36551390A4c69C6,0x056fd409e1d7a124bd7017459dfea2f387b6d5cd,0x0000000000000000000000000000000000000348,0xe186e116f2c7642d0d8aa89c32345d83ebeb350242b2274c46a19ea82e04fb8d,120,300
HASUI,USD,Pyth,No,No,PythOracle,0x4305FB66699C3B2702D4d05CF36551390A4c69C6,,0x0000000000000000000000000000000000000348,0x6120ffcf96395c70aa77e72dcb900bf9d40dccab228efca59a17b90ce423d5e8,120,300
HBAR,USD,Pyth,No,No,PythOracle,0x4305FB66699C3B2702D4d05CF36551390A4c69C6,,0x0000000000000000000000000000000000000348,0x3728e591097635310e6341af53db8b7ee42da9b3a8d918f9463ce9cca886dfbd,120,300
HFT,USD,Pyth,No,No,PythOracle,0x4305FB66699C3B2702D4d05CF36551390A4c69C6,,0x0000000000000000000000000000000000000348,0xfa2d39b681f3cef5fa87432a8dbd05113917fffb1b6829a37395c88396522a4e,120,300
HNT,USD,Pyth,No,No,PythOracle,0x4305FB66699C3B2702D4d05CF36551390A4c69C6,,0x0000000000000000000000000000000000000348,0x649fdd7ec08e8e2a20f425729854e90293dcbe2376abc47197a14da6ff339756,120,300
HT,USD,Pyth,No,No,PythOracle,0x4305FB66699C3B2702D4d05CF36551390A4c69C6,,0x0000000000000000000000000000000000000348,0x38e91ba416e6010735d7580472784a3e0821ab559aacdf73f5aba9d661e687ab,120,300
ICP,USD,Pyth,No,No,PythOracle,0x4305FB66699C3B2702D4d05CF36551390A4c69C6,,0x0000000000000000000000000000000000000348,0xc9907d786c5821547777780a1e4f89484f3417cb14dd244f2b0a34ea7a554d67,120,300
IDEX,USD,Pyth,No,No,PythOracle,0x4305FB66699C3B2702D4d05CF36551390A4c69C6,,0x0000000000000000000000000000000000000348,0x6fdf9f1b31f6212aad9125dbc9d85ae6cfac3939fd914f6a8c397f01272eca8f,120,300
ILV,USD,Pyth,Yes,Yes,PythOracle,0x4305FB66699C3B2702D4d05CF36551390A4c69C6,0x767fe9edc9e0df98e07454847909b5e959d7ca0e,0x0000000000000000000000000000000000000348,0xe1cb28de6139b40cf03e15f42a89921c0650fb1c75cabfc94877830c28de30cb,120,300
IMX,USD,Pyth,No,No,PythOracle,0x4305FB66699C3B2702D4d05CF36551390A4c69C6,0xf57e7e7c23978c3caec3c3548e3d615c346e79ff,0x0000000000000000000000000000000000000348,0x941320a8989414874de5aa2fc340a75d5ed91fdff1613dd55f83844d52ea63a2,120,300
INF,USD,Pyth,No,No,PythOracle,0x4305FB66699C3B2702D4d05CF36551390A4c69C6,,0x0000000000000000000000000000000000000348,0xf51570985c642c49c2d6e50156390fdba80bb6d5f7fa389d2f012ced4f7d208f,120,300
INJ,USD,Pyth,No,No,PythOracle,0x4305FB66699C3B2702D4d05CF36551390A4c69C6,0xe28b3b32b6c345a34ff64674606124dd5aceca30,0x0000000000000000000000000000000000000348,0x7a5bc1d2b56ad029048cd63964b3ad2776eadf812edc1a43a31406cb54bff592,120,300
INTER,USD,Pyth,No,No,PythOracle,0x4305FB66699C3B2702D4d05CF36551390A4c69C6,,0x0000000000000000000000000000000000000348,0xa4702f0f5818258783a1e47f453cb20b0fbec32ca67260e1d19dfcdd6a4d0ebb,120,300
IO,USD,Pyth,No,No,PythOracle,0x4305FB66699C3B2702D4d05CF36551390A4c69C6,,0x0000000000000000000000000000000000000348,0x82595d1509b770fa52681e260af4dda9752b87316d7c048535d8ead3fa856eb1,120,300
IOT,USD,Pyth,No,No,PythOracle,0x4305FB66699C3B2702D4d05CF36551390A4c69C6,,0x0000000000000000000000000000000000000348,0x6b701e292e0836d18a5904a08fe94534f9ab5c3d4ff37dc02c74dd0f4901944d,120,300
IOTA,USD,Pyth,No,No,PythOracle,0x4305FB66699C3B2702D4d05CF36551390A4c69C6,,0x0000000000000000000000000000000000000348,0xc7b72e5d860034288c9335d4d325da4272fe50c92ab72249d58f6cbba30e4c44,120,300
IOTX,USD,Pyth,No,No,PythOracle,0x4305FB66699C3B2702D4d05CF36551390A4c69C6,0x6fb3e0a217407efff7ca062d46c26e5d60a14d69,0x0000000000000000000000000000000000000348,0xa83103141916013b5679001e273281303a6c05f4cebd94da00a785bd74d1e6d8,120,300
ITA,USD,Pyth,No,No,PythOracle,0x4305FB66699C3B2702D4d05CF36551390A4c69C6,,0x0000000000000000000000000000000000000348,0xa5eb88d3ea93f6240d7e54b4466bc1857f7bfc1658d49a07f68096ebc0fdde3b,120,300
JITOSOL,USD,Pyth,No,No,PythOracle,0x4305FB66699C3B2702D4d05CF36551390A4c69C6,,0x0000000000000000000000000000000000000348,0x67be9f519b95cf24338801051f9a808eff0a578ccb388db73b7f6fe1de019ffb,120,300
JOE,USD,Pyth,No,No,PythOracle,0x4305FB66699C3B2702D4d05CF36551390A4c69C6,0x371c7ec6D8039ff7933a2AA28EB827Ffe1F52f07,0x0000000000000000000000000000000000000348,0xa3f37baf54dbd24e1d67040d566a762e62be3edbf8ef423038b091afc1722915,120,300
JTO,USD,Pyth,No,No,PythOracle,0x4305FB66699C3B2702D4d05CF36551390A4c69C6,,0x0000000000000000000000000000000000000348,0xb43660a5f790c69354b0729a5ef9d50d68f1df92107540210b9cccba1f947cc2,120,300
JUP,USD,Pyth,No,No,PythOracle,0x4305FB66699C3B2702D4d05CF36551390A4c69C6,,0x0000000000000000000000000000000000000348,0x0a0408d619e9380abad35060f9192039ed5042fa6f82301d0e48bb52be830996,120,300
JUV,USD,Pyth,No,No,PythOracle,0x4305FB66699C3B2702D4d05CF36551390A4c69C6,,0x0000000000000000000000000000000000000348,0xabe4f2b264560a397f38eec024369356e5c1ea4f7aab94729369f144b3d97779,120,300
KAS,USD,Pyth,No,No,PythOracle,0x4305FB66699C3B2702D4d05CF36551390A4c69C6,0x112b08621e27e10773ec95d250604a041f36c582,0x0000000000000000000000000000000000000348,0xdfd3cb51a9d39fde35a3ff6177b426def03ed48d45008248f22827d8bf50cab4,120,300
KAVA,USD,Pyth,No,No,PythOracle,0x4305FB66699C3B2702D4d05CF36551390A4c69C6,,0x0000000000000000000000000000000000000348,0xa6e905d4e85ab66046def2ef0ce66a7ea2a60871e68ae54aed50ec2fd96d8584,120,300
KCS,USD,Pyth,No,No,PythOracle,0x4305FB66699C3B2702D4d05CF36551390A4c69C6,0xf34960d9d60be18cc1d5afc1a6f012a723a28811,0x0000000000000000000000000000000000000348,0xc8acad81438490d4ebcac23b3e93f31cdbcb893fcba746ea1c66b89684faae2f,120,300
KLAY,USD,Pyth,No,No,PythOracle,0x4305FB66699C3B2702D4d05CF36551390A4c69C6,,0x0000000000000000000000000000000000000348,0xde5e6ef09931fecc7fdd8aaa97844e981f3e7bb1c86a6ffc68e9166bb0db3743,120,300
KMNO,USD,Pyth,No,No,PythOracle,0x4305FB66699C3B2702D4d05CF36551390A4c69C6,,0x0000000000000000000000000000000000000348,0xb17e5bc5de742a8a378b54c9c75442b7d51e30ada63f28d9bd28d3c0e26511a0,120,300
KNC,USD,Pyth,No,No,PythOracle,0x4305FB66699C3B2702D4d05CF36551390A4c69C6,0xdeFA4e8a7bcBA345F687a2f1456F5Edd9CE97202,0x0000000000000000000000000000000000000348,0xb9ccc817bfeded3926af791f09f76c5ffbc9b789cac6e9699ec333a79cacbe2a,120,300
KSM,USD,Pyth,No,No,PythOracle,0x4305FB66699C3B2702D4d05CF36551390A4c69C6,,0x0000000000000000000000000000000000000348,0xdedebc9e4d916d10b76cfbc21ccaacaf622ab1fc7f7ba586a0de0eba76f12f3f,120,300
LDO,USD,Pyth,Yes,Yes,PythOracle,0x4305FB66699C3B2702D4d05CF36551390A4c69C6,0x5a98fcbea516cf06857215779fd812ca3bef1b32,0x0000000000000000000000000000000000000348,0xc63e2a7f37a04e5e614c07238bedb25dcc38927fba8fe890597a593c0b2fa4ad,120,300
LEO,USD,Pyth,No,No,PythOracle,0x4305FB66699C3B2702D4d05CF36551390A4c69C6,,0x0000000000000000000000000000000000000348,0x19e4e2b451406cf99311bb5127b12a948db17f30b69c323c8657d71119a58619,120,300
LINK,USD,Pyth,Yes,Yes,PythOracle,0x4305FB66699C3B2702D4d05CF36551390A4c69C6,0x514910771af9ca656af840dff83e8264ecf986ca,0x0000000000000000000000000000000000000348,0x8ac0c70fff57e9aefdf5edf44b51d62c2d433653cbb2cf5cc06bb115af04d221,120,300
LIS,USD,Pyth,No,No,PythOracle,0x4305FB66699C3B2702D4d05CF36551390A4c69C6,,0x0000000000000000000000000000000000000348,0x9279583bcedabec7a42625093fc9a7b6466b62b839cadae469b4b75a72f49723,120,300
LL,USD,Pyth,No,No,PythOracle,0x4305FB66699C3B2702D4d05CF36551390A4c69C6,0x0921799CB1d702148131024d18fCdE022129Dc73,0x0000000000000000000000000000000000000348,0x2805c8894235111024c54253267f2b325be23763d534d2051742e39234b5835a,120,300
LOOKS,USD,Pyth,No,No,PythOracle,0x4305FB66699C3B2702D4d05CF36551390A4c69C6,0xf4d2888d29d722226fafa5d9b24f9164c092421e,0x0000000000000000000000000000000000000348,0xacecdd9ac741a1f6dad0fd6ade5354e9523bd0c864b955307cea3643fdfe8ff5,120,300
LQTY,USD,Pyth,Yes,Yes,PythOracle,0x4305FB66699C3B2702D4d05CF36551390A4c69C6,0x6dea81c8171d0ba574754ef6f8b412f2ed88c54d,0x0000000000000000000000000000000000000348,0x5e8b35b0da37ede980d8f4ddaa7988af73d8c3d110e3eddd2a56977beb839b63,120,300
LRC,USD,Pyth,No,No,PythOracle,0x4305FB66699C3B2702D4d05CF36551390A4c69C6,0xbbbbca6a901c926f240b89eacb641d8aec7aeafd,0x0000000000000000000000000000000000000348,0x20311405c2fc648cf5733197e95c03512af9cf64f2260aea7e212a8c8b7bdcfa,120,300
LST,USD,Pyth,No,No,PythOracle,0x4305FB66699C3B2702D4d05CF36551390A4c69C6,,0x0000000000000000000000000000000000000348,0x12fb674ee496045b1d9cf7d5e65379acb026133c2ad69f3ed996fb9fe68e3a37,120,300
LTC,USD,Pyth,No,No,PythOracle,0x4305FB66699C3B2702D4d05CF36551390A4c69C6,,0x0000000000000000000000000000000000000348,0x6e3f3fa8253588df9326580180233eb791e03b443a3ba7a1d892e73874e19a54,120,300
LUNA,USD,Pyth,No,No,PythOracle,0x4305FB66699C3B2702D4d05CF36551390A4c69C6,,0x0000000000000000000000000000000000000348,0xe6ccd3f878cf338e6732bf59f60943e8ca2c28402fc4d9c258503b2edbe74a31,120,300
LUNC,USD,Pyth,No,No,PythOracle,0x4305FB66699C3B2702D4d05CF36551390A4c69C6,,0x0000000000000000000000000000000000000348,0x4456d442a152fd1f972b18459263ef467d3c29fb9d667e30c463b086691fbc79,120,300
LUSD,USD,Pyth,Yes,Yes,PythOracle,0x4305FB66699C3B2702D4d05CF36551390A4c69C6,0x5f98805a4e8be255a32880fdec7f6728c6568ba0,0x0000000000000000000000000000000000000348,0xc9dc99720306ef43fd301396a6f8522c8be89c6c77e8c27d87966918a943fd20,120,300
MANA,USD,Pyth,No,No,PythOracle,0x4305FB66699C3B2702D4d05CF36551390A4c69C6,0x0f5d2fb29fb7d3cfee444a200298f468908cc942,0x0000000000000000000000000000000000000348,0x1dfffdcbc958d732750f53ff7f06d24bb01364b3f62abea511a390c74b8d16a5,120,300
MANTA,USD,Pyth,No,No,PythOracle,0x4305FB66699C3B2702D4d05CF36551390A4c69C6,,0x0000000000000000000000000000000000000348,0xc3883bcf1101c111e9fcfe2465703c47f2b638e21fef2cce0502e6c8f416e0e2,120,300
MASK,USD,Pyth,No,No,PythOracle,0x4305FB66699C3B2702D4d05CF36551390A4c69C6,0x69af81e73a73b40adf4f3d4223cd9b1ece623074,0x0000000000000000000000000000000000000348,0xb97d9aa5c9ea258252456963c3a9547d53e4848cb66ce342a3155520741a28d4,120,300
MATIC,USD,Pyth,No,No,PythOracle,0x4305FB66699C3B2702D4d05CF36551390A4c69C6,0x7D1AfA7B718fb893dB30A3aBc0Cfc608AaCfeBB0,0x0000000000000000000000000000000000000348,0x5de33a9112c2b700b8d30b8a3402c103578ccfa2765696471cc672bd5cf6ac52,120,300
MAV,USD,Pyth,No,No,PythOracle,0x4305FB66699C3B2702D4d05CF36551390A4c69C6,0x7448c7456a97769F6cD04F1E83A4a23cCdC46aBD,0x0000000000000000000000000000000000000348,0x5b131ede5d017511cf5280b9ebf20708af299266a033752b64180c4201363b11,120,300
MBOX,USD,Pyth,No,No,PythOracle,0x4305FB66699C3B2702D4d05CF36551390A4c69C6,,0x0000000000000000000000000000000000000348,0x1888f463c27997174f97d2a36af29bf4648b61a5f69e67c45505a80f826bb785,120,300
MEME,USD,Pyth,No,No,PythOracle,0x4305FB66699C3B2702D4d05CF36551390A4c69C6,0xb131f4a55907b10d1f0a50d8ab8fa09ec342cd74,0x0000000000000000000000000000000000000348,0xcd2cee36951a571e035db0dfad138e6ecdb06b517cc3373cd7db5d3609b7927c,120,300
MERL,USD,Pyth,No,No,PythOracle,0x4305FB66699C3B2702D4d05CF36551390A4c69C6,,0x0000000000000000000000000000000000000348,0x03e8dbf3e8f02edf5ca898dc7afbbac3f06c7d91c02986c3a8c6ce1a99e90355,120,300
METH,USD,Pyth,Yes,Yes,PythOracle,0x4305FB66699C3B2702D4d05CF36551390A4c69C6,0xd5F7838F5C461fefF7FE49ea5ebaF7728bB0ADfa,0x0000000000000000000000000000000000000348,0xfbc9c3a716650b6e24ab22ab85b1c0ef4141b18f4590cc0b986e2f9064cf73d6,120,300
METIS,USD,Pyth,No,No,PythOracle,0x4305FB66699C3B2702D4d05CF36551390A4c69C6,0x9e32b13ce7f2e80a01932b42553652e053d6ed8e,0x0000000000000000000000000000000000000348,0xc22aa7943f65c9b1bb8d765bf4d5136590c48508f61912314f23bb730325b159,120,300
MEW,USD,Pyth,No,No,PythOracle,0x4305FB66699C3B2702D4d05CF36551390A4c69C6,,0x0000000000000000000000000000000000000348,0x514aed52ca5294177f20187ae883cec4a018619772ddce41efcc36a6448f5d5d,120,300
MIM,USD,Pyth,No,No,PythOracle,0x4305FB66699C3B2702D4d05CF36551390A4c69C6,0xFEa7a6a0B346362BF88A9e4A88416B77a57D6c2A,0x0000000000000000000000000000000000000348,0x7aa41f6ee464616f3cbc469fddfd7e63d8db319b7bd585cc95b24c29c9172916,120,300
MINA,USD,Pyth,No,No,PythOracle,0x4305FB66699C3B2702D4d05CF36551390A4c69C6,,0x0000000000000000000000000000000000000348,0xe322f437708e16b033d785fceb5c7d61c94700364281a10fabc77ca20ef64bf1,120,300
MIR,USD,Pyth,No,No,PythOracle,0x4305FB66699C3B2702D4d05CF36551390A4c69C6,,0x0000000000000000000000000000000000000348,0x0b46c1c04e9c914037cc4e0561a7e6787f6db0b89b7b65281f0f6fea1ce45a74,120,300
MKR,USD,Pyth,Yes,Yes,PythOracle,0x4305FB66699C3B2702D4d05CF36551390A4c69C6,0x9f8f72aa9304c8b593d555f12ef6589cc3a579a2,0x0000000000000000000000000000000000000348,0x9375299e31c0deb9c6bc378e6329aab44cb48ec655552a70d4b9050346a30378,120,300
MNDE,USD,Pyth,No,No,PythOracle,0x4305FB66699C3B2702D4d05CF36551390A4c69C6,,0x0000000000000000000000000000000000000348,0x3607bf4d7b78666bd3736c7aacaf2fd2bc56caa8667d3224971ebe3c0623292a,120,300
MNGO,USD,Pyth,No,No,PythOracle,0x4305FB66699C3B2702D4d05CF36551390A4c69C6,,0x0000000000000000000000000000000000000348,0x5b70af49d639eefe11f20df47a0c0760123291bb5bc55053faf797d1ff905983,120,300
MNT,USD,Pyth,Yes,Yes,PythOracle,0x4305FB66699C3B2702D4d05CF36551390A4c69C6,0x3c3a81e81dc49a522a592e7622a7e711c06bf354,0x0000000000000000000000000000000000000348,0x4e3037c822d852d79af3ac80e35eb420ee3b870dca49f9344a38ef4773fb0585,120,300
MOBILE,USD,Pyth,No,No,PythOracle,0x4305FB66699C3B2702D4d05CF36551390A4c69C6,,0x0000000000000000000000000000000000000348,0xff4c53361e36a9b837433c87d290c229e1f01aec5ef98d9f3f70953a20a629ce,120,300
MODE,USD,Pyth,No,No,PythOracle,0x4305FB66699C3B2702D4d05CF36551390A4c69C6,,0x0000000000000000000000000000000000000348,0x0386e113cc716a7c6a55decd97b19c90ce080d9f2f5255ac78a0e26889446d1e,120,300
MOG,USD,Pyth,No,No,PythOracle,0x4305FB66699C3B2702D4d05CF36551390A4c69C6,0xaaee1a9723aadb7afa2810263653a34ba2c21c7a,0x0000000000000000000000000000000000000348,0x17894b9fff49cd07efeab94a0d02db16f158efe04e0dee1db6af5f069082ce83,120,300
MSOL,USD,Pyth,No,No,PythOracle,0x4305FB66699C3B2702D4d05CF36551390A4c69C6,,0x0000000000000000000000000000000000000348,0xc2289a6a43d2ce91c6f55caec370f4acc38a2ed477f58813334c6d03749ff2a4,120,300
MTR,USD,Pyth,No,No,PythOracle,0x4305FB66699C3B2702D4d05CF36551390A4c69C6,,0x0000000000000000000000000000000000000348,0x8cdc9b2118d2ce55a299f8f1d700d0127cf4036d1aa666a8cd51dcab4254284f,120,300
MTRG,USD,Pyth,No,No,PythOracle,0x4305FB66699C3B2702D4d05CF36551390A4c69C6,,0x0000000000000000000000000000000000000348,0x20d096e088a9b85f8cf09278965b77aeb05c00769e2ddeda5ea2d07ea554b283,120,300
MYRO,USD,Pyth,No,No,PythOracle,0x4305FB66699C3B2702D4d05CF36551390A4c69C6,,0x0000000000000000000000000000000000000348,0x6c19a9df349e8951d6bbae02f11ce54a025cd549b482403a0d897bb0bdbfd424,120,300
NAVX,USD,Pyth,No,No,PythOracle,0x4305FB66699C3B2702D4d05CF36551390A4c69C6,,0x0000000000000000000000000000000000000348,0x88250f854c019ef4f88a5c073d52a18bb1c6ac437033f5932cd017d24917ab46,120,300
NEAR,USD,Pyth,No,No,PythOracle,0x4305FB66699C3B2702D4d05CF36551390A4c69C6,0x85f17cf997934a597031b2e18a9ab6ebd4b9f6a4,0x0000000000000000000000000000000000000348,0xc415de8d2eba7db216527dff4b60e8f3a5311c740dadb233e13e12547e226750,120,300
NEON,USD,Pyth,No,No,PythOracle,0x4305FB66699C3B2702D4d05CF36551390A4c69C6,,0x0000000000000000000000000000000000000348,0xd82183dd487bef3208a227bb25d748930db58862c5121198e723ed0976eb92b7,120,300
NTRN,USD,Pyth,No,No,PythOracle,0x4305FB66699C3B2702D4d05CF36551390A4c69C6,,0x0000000000000000000000000000000000000348,0xa8e6517966a52cb1df864b2764f3629fde3f21d2b640b5c572fcd654cbccd65e,120,300
OG,USD,Pyth,No,No,PythOracle,0x4305FB66699C3B2702D4d05CF36551390A4c69C6,,0x0000000000000000000000000000000000000348,0x05934526b94a9fbe4c4ce0c3792213032f086ee4bf58f2168a7085361af9bdc1,120,300
OKB,USD,Pyth,No,No,PythOracle,0x4305FB66699C3B2702D4d05CF36551390A4c69C6,0x75231f58b43240c9718dd58b4967c5114342a86c,0x0000000000000000000000000000000000000348,0xd6f83dfeaff95d596ddec26af2ee32f391c206a183b161b7980821860eeef2f5,120,300
OMG,USD,Pyth,No,No,PythOracle,0x4305FB66699C3B2702D4d05CF36551390A4c69C6,0xd26114cd6ee289accf82350c8d8487fedb8a0c07,0x0000000000000000000000000000000000000348,0x3b4e266cfd796c642603073a8471f1bdb876a9c03ded525e4472a722298c4219,120,300
OMI,USD,Pyth,No,No,PythOracle,0x4305FB66699C3B2702D4d05CF36551390A4c69C6,0xed35af169af46a02ee13b9d79eb57d6d68c1749e,0x0000000000000000000000000000000000000348,0x06d9fa501fd2bef47265361ca0eaf6e0a97c3b226cea5ab760240f70818581ad,120,300
ONDO,USD,Pyth,Yes,Yes,PythOracle,0x4305FB66699C3B2702D4d05CF36551390A4c69C6,0xfAbA6f8e4a5E8Ab82F62fe7C39859FA577269BE3,0x0000000000000000000000000000000000000348,0xd40472610abe56d36d065a0cf889fc8f1dd9f3b7f2a478231a5fc6df07ea5ce3,120,300
ONE,USD,Pyth,No,No,PythOracle,0x4305FB66699C3B2702D4d05CF36551390A4c69C6,,0x0000000000000000000000000000000000000348,0xc572690504b42b57a3f7aed6bd4aae08cbeeebdadcf130646a692fe73ec1e009,120,300
OP,USD,Pyth,No,No,PythOracle,0x4305FB66699C3B2702D4d05CF36551390A4c69C6,,0x0000000000000000000000000000000000000348,0x385f64d993f7b77d8182ed5003d97c60aa3361f3cecfe711544d2d59165e9bdf,120,300
ORCA,USD,Pyth,No,No,PythOracle,0x4305FB66699C3B2702D4d05CF36551390A4c69C6,,0x0000000000000000000000000000000000000348,0x37505261e557e251290b8c8899453064e8d760ed5c65a779726f2490980da74c,120,300
ORDI,USD,Pyth,No,No,PythOracle,0x4305FB66699C3B2702D4d05CF36551390A4c69C6,,0x0000000000000000000000000000000000000348,0x193c739db502aadcef37c2589738b1e37bdb257d58cf1ab3c7ebc8e6df4e3ec0,120,300
OSMO,USD,Pyth,No,No,PythOracle,0x4305FB66699C3B2702D4d05CF36551390A4c69C6,,0x0000000000000000000000000000000000000348,0x5867f5683c757393a0670ef0f701490950fe93fdb006d181c8265a831ac0c5c6,120,300
OUSD,USD,Pyth,No,No,PythOracle,0x4305FB66699C3B2702D4d05CF36551390A4c69C6,0x2A8e1E676Ec238d8A992307B495b45B3fEAa5e86,0x0000000000000000000000000000000000000348,0xbfaf61069ca9164aba41935fa16488ce7c39b313e7faaa02fb4655b99caada05,120,300
PAXG,USD,Pyth,Yes,Yes,PythOracle,0x4305FB66699C3B2702D4d05CF36551390A4c69C6,0x45804880de22913dafe09f4980848ece6ecbaf78,0x0000000000000000000000000000000000000348,0x273717b49430906f4b0c230e99aa1007f83758e3199edbc887c0d06c3e332494,120,300
PENDLE,USD,Pyth,Yes,Yes,PythOracle,0x4305FB66699C3B2702D4d05CF36551390A4c69C6,0x808507121b80c02388fad14726482e061b8da827,0x0000000000000000000000000000000000000348,0x9a4df90b25497f66b1afb012467e316e801ca3d839456db028892fe8c70c8016,120,300
PEOPLE,USD,Pyth,No,No,PythOracle,0x4305FB66699C3B2702D4d05CF36551390A4c69C6,0x7a58c0be72be218b41c608b7fe7c5bb630736c71,0x0000000000000000000000000000000000000348,0xb7fe919d83815ca6074c82a3286b1cd6ffb7d3136e323cd2b1ef706cfc7e5945,120,300
PEPE,USD,Pyth,No,No,PythOracle,0x4305FB66699C3B2702D4d05CF36551390A4c69C6,0x25d887Ce7a35172C62FeBFD67a1856F20FaEbB00,0x0000000000000000000000000000000000000348,0xd69731a2e74ac1ce884fc3890f7ee324b6deb66147055249568869ed700882e4,120,300
PERP,USD,Pyth,No,No,PythOracle,0x4305FB66699C3B2702D4d05CF36551390A4c69C6,0xbc396689893d065f41bc2c6ecbee5e0085233447,0x0000000000000000000000000000000000000348,0x944f2f908c5166e0732ea5b610599116cd8e1c41f47452697c1e84138b7184d6,120,300
POL,USD,Pyth,No,No,PythOracle,0x4305FB66699C3B2702D4d05CF36551390A4c69C6,,0x0000000000000000000000000000000000000348,0xffd11c5a1cfd42f80afb2df4d9f264c15f956d68153335374ec10722edd70472,120,300
POPCAT,USD,Pyth,No,No,PythOracle,0x4305FB66699C3B2702D4d05CF36551390A4c69C6,,0x0000000000000000000000000000000000000348,0xb9312a7ee50e189ef045aa3c7842e099b061bd9bdc99ac645956c3b660dc8cce,120,300
PRCL,USD,Pyth,No,No,PythOracle,0x4305FB66699C3B2702D4d05CF36551390A4c69C6,,0x0000000000000000000000000000000000000348,0x5bbd1ce617792b476c55991c27cdfd89794f9f13356babc9c92405f5f0079683,120,300
PRIME,USD,Pyth,No,No,PythOracle,0x4305FB66699C3B2702D4d05CF36551390A4c69C6,0xb23d80f5fefcddaa212212f028021b41ded428cf,0x0000000000000000000000000000000000000348,0xe417fb7d1edcfe70283c608fa9f14d11ebf4d1b3ecf2e97e42a110f7fb649843,120,300
PSG,USD,Pyth,No,No,PythOracle,0x4305FB66699C3B2702D4d05CF36551390A4c69C6,,0x0000000000000000000000000000000000000348,0x3d253019d38099c0fe918291bd08c9b887f4306a44d7d472c8031529141f275a,120,300
PUFETH,USD,Pyth,Yes,Yes,PythOracle,0x4305FB66699C3B2702D4d05CF36551390A4c69C6,0xD9A442856C234a39a81a089C06451EBAa4306a72,0x0000000000000000000000000000000000000348,0xe5801530292c348f322b7b4a48c1c0d59ab629846cce1c816fc27aee2054b560,120,300
PXETH,USD,Pyth,Yes,Yes,PythOracle,0x4305FB66699C3B2702D4d05CF36551390A4c69C6,0x04c154b66cb340f3ae24111cc767e0184ed00cc6,0x0000000000000000000000000000000000000348,0x834be8951394714988606b3a1ac299c48bd07d68e5abb02766bcf881fdc1e69c,120,300
PYTH,USD,Pyth,No,No,PythOracle,0x4305FB66699C3B2702D4d05CF36551390A4c69C6,0xE4D5c6aE46ADFAF04313081e8C0052A30b6Dd724,0x0000000000000000000000000000000000000348,0x0bbf28e9a841a1cc788f6a361b17ca072d0ea3098a1e5df1c3922d06719579ff,120,300
PYUSD,USD,Pyth,Yes,Yes,PythOracle,0x4305FB66699C3B2702D4d05CF36551390A4c69C6,0x6c3ea9036406852006290770bedfcaba0e23a0e8,0x0000000000000000000000000000000000000348,0xc1da1b73d7f01e7ddd54b3766cf7fcd644395ad14f70aa706ec5384c59e76692,120,300
QNT,USD,Pyth,No,No,PythOracle,0x4305FB66699C3B2702D4d05CF36551390A4c69C6,0x4a220e6096b25eadb88358cb44068a3248254675,0x0000000000000000000000000000000000000348,0x19ab139032007c8bd7d1fd3842ef392a5434569a72b555504a5aee47df2a0a35,120,300
QTUM,USD,Pyth,No,No,PythOracle,0x4305FB66699C3B2702D4d05CF36551390A4c69C6,,0x0000000000000000000000000000000000000348,0xb17096e28039ccc2b84e330c27e29706cf6779c3c6f2853527f516509f9819f6,120,300
QUICK,USD,Pyth,No,No,PythOracle,0x4305FB66699C3B2702D4d05CF36551390A4c69C6,,0x0000000000000000000000000000000000000348,0xd28fd418fef97f1b21f72a6bc39687b52ab368d291a5ee8f16e6033ec81c81d8,120,300
RACA,USD,Pyth,No,No,PythOracle,0x4305FB66699C3B2702D4d05CF36551390A4c69C6,0x12bb890508c125661e03b09ec06e404bc9289040,0x0000000000000000000000000000000000000348,0xfd0690232b0fae5efdc402c1b9aac74176383ff7daf87d021554bda24a38e0ec,120,300
RAY,USD,Pyth,No,No,PythOracle,0x4305FB66699C3B2702D4d05CF36551390A4c69C6,,0x0000000000000000000000000000000000000348,0x91568baa8beb53db23eb3fb7f22c6e8bd303d103919e19733f2bb642d3e7987a,120,300
RDNT,USD,Pyth,Yes,Yes,PythOracle,0x4305FB66699C3B2702D4d05CF36551390A4c69C6,0x137dDB47Ee24EaA998a535Ab00378d6BFa84F893,0x0000000000000000000000000000000000000348,0xc8cf45412be4268bef8f76a8b0d60971c6e57ab57919083b8e9f12ba72adeeb6,120,300
RETH,USD,Pyth,Yes,Yes,PythOracle,0x4305FB66699C3B2702D4d05CF36551390A4c69C6,0xae78736cd615f374d3085123a210448e74fc6393,0x0000000000000000000000000000000000000348,0xa0255134973f4fdf2f8f7808354274a3b1ebc6ee438be898d045e8b56ba1fe13,120,300
REZ,USD,Pyth,No,No,PythOracle,0x4305FB66699C3B2702D4d05CF36551390A4c69C6,0x3b50805453023a91a8bf641e279401a0b23fa6f9,0x0000000000000000000000000000000000000348,0x9df307038f76e26ba0f9aaa1d5eefce919bf5b7b282d0ad247d4f77ffb506ede,120,300
RLB,USD,Pyth,No,No,PythOracle,0x4305FB66699C3B2702D4d05CF36551390A4c69C6,0x046eee2cc3188071c02bfc1745a6b17c656e3f3d,0x0000000000000000000000000000000000000348,0x2f2d17abbc1e781bd87b4a5d52c8b2856886f5c482fa3593cebf6795040ab0b6,120,300
RNDR,USD,Pyth,No,No,PythOracle,0x4305FB66699C3B2702D4d05CF36551390A4c69C6,0x6de037ef9ad2725eb40118bb1702ebb27e4aeb24,0x0000000000000000000000000000000000000348,0xab7347771135fc733f8f38db462ba085ed3309955f42554a14fa13e855ac0e2f,120,300
RON,USD,Pyth,No,No,PythOracle,0x4305FB66699C3B2702D4d05CF36551390A4c69C6,,0x0000000000000000000000000000000000000348,0x97cfe19da9153ef7d647b011c5e355142280ddb16004378573e6494e499879f3,120,300
ROSE,USD,Pyth,No,No,PythOracle,0x4305FB66699C3B2702D4d05CF36551390A4c69C6,,0x0000000000000000000000000000000000000348,0x488f59877d3950ca12c5529d3ec6d4904666b2ec2d37616e61ecc88e3d23d51c,120,300
RPL,USD,Pyth,Yes,Yes,PythOracle,0x4305FB66699C3B2702D4d05CF36551390A4c69C6,0xd33526068d116ce69f19a9ee46f0bd304f21a51f,0x0000000000000000000000000000000000000348,0x24f94ac0fd8638e3fc41aab2e4df933e63f763351b640bf336a6ec70651c4503,120,300
RSETH,USD,Pyth,Yes,Yes,PythOracle,0x4305FB66699C3B2702D4d05CF36551390A4c69C6,0xa1290d69c65a6fe4df752f95823fae25cb99e5a7,0x0000000000000000000000000000000000000348,0x0caec284d34d836ca325cf7b3256c078c597bc052fbd3c0283d52b581d68d71f,120,300
RSR,USD,Pyth,Yes,Yes,PythOracle,0x4305FB66699C3B2702D4d05CF36551390A4c69C6,0x320623b8e4ff03373931769a31fc52a4e78b5d70,0x0000000000000000000000000000000000000348,0xfb7565b77267ba3f6ef770bed5d7f9b22b8542db676dbd9b934a2fcf945f4371,120,300
RSWETH,USD,Pyth,Yes,Yes,PythOracle,0x4305FB66699C3B2702D4d05CF36551390A4c69C6,0xFAe103DC9cf190eD75350761e95403b7b8aFa6c0,0x0000000000000000000000000000000000000348,0x17e349391a4d8362706ec4126c2fa42047601cb71c1063e38ca305fab9b0ec4d,120,300
RUNE,USD,Pyth,No,No,PythOracle,0x4305FB66699C3B2702D4d05CF36551390A4c69C6,,0x0000000000000000000000000000000000000348,0x5fcf71143bb70d41af4fa9aa1287e2efd3c5911cee59f909f915c9f61baacb1e,120,300
SAFE,USD,Pyth,Yes,Yes,PythOracle,0x4305FB66699C3B2702D4d05CF36551390A4c69C6,0x5afe3855358e112b5647b952709e6165e1c1eeee,0x0000000000000000000000000000000000000348,0x7b3576858506a94fad3a9cc55e32934f0c3931150fe3a3c7b83558dbae5b8e38,120,300
SAMO,USD,Pyth,No,No,PythOracle,0x4305FB66699C3B2702D4d05CF36551390A4c69C6,,0x0000000000000000000000000000000000000348,0x49601625e1a342c1f90c3fe6a03ae0251991a1d76e480d2741524c29037be28a,120,300
SAND,USD,Pyth,No,No,PythOracle,0x4305FB66699C3B2702D4d05CF36551390A4c69C6,0x3845badAde8e6dFF049820680d1F14bD3903a5d0,0x0000000000000000000000000000000000000348,0xcb7a1d45139117f8d3da0a4b67264579aa905e3b124efede272634f094e1e9d1,120,300
SATS,USD,Pyth,No,No,PythOracle,0x4305FB66699C3B2702D4d05CF36551390A4c69C6,,0x0000000000000000000000000000000000000348,0x40440d18fb5ad809e2825ce7dfc035cfa57135c13062a04addafe0c7f54425e0,120,300
SBR,USD,Pyth,No,No,PythOracle,0x4305FB66699C3B2702D4d05CF36551390A4c69C6,,0x0000000000000000000000000000000000000348,0x6ed3c7c4427ae2f91707495fc5a891b30795d93dbb3931782ddd77a5d8cb6db7,120,300
SCA,USD,Pyth,No,No,PythOracle,0x4305FB66699C3B2702D4d05CF36551390A4c69C6,,0x0000000000000000000000000000000000000348,0x7e17f0ac105abe9214deb9944c30264f5986bf292869c6bd8e8da3ccd92d79bc,120,300
SCRT,USD,Pyth,No,No,PythOracle,0x4305FB66699C3B2702D4d05CF36551390A4c69C6,,0x0000000000000000000000000000000000000348,0xac5a498aa407c3642257dc8bd8b92efda656e708b22be9b96febcb77878d6bfa,120,300
SD,USD,Pyth,No,No,PythOracle,0x4305FB66699C3B2702D4d05CF36551390A4c69C6,0x30d20208d987713f46dfd34ef128bb16c404d10f,0x0000000000000000000000000000000000000348,0x83aac6fae150e8850204ef5dce696c05ae2efa335a41c7e5c112bc73e5cbae35,120,300
SDAI,USD,Pyth,Yes,Yes,PythOracle,0x4305FB66699C3B2702D4d05CF36551390A4c69C6,0x83f20f44975d03b1b09e64809b757c47f942beea,0x0000000000000000000000000000000000000348,0x710659c5a68e2416ce4264ca8d50d34acc20041d91289110eea152c52ff3dc39,120,300
SEAM,USD,Pyth,No,No,PythOracle,0x4305FB66699C3B2702D4d05CF36551390A4c69C6,0x6b66ccd1340c479B07B390d326eaDCbb84E726Ba,0x0000000000000000000000000000000000000348,0x5edd9fffc06909b69ec04c2391e5b6148941bbecbebdcb3ab3f9ead9ff7ec991,120,300
SEI,USD,Pyth,No,No,PythOracle,0x4305FB66699C3B2702D4d05CF36551390A4c69C6,,0x0000000000000000000000000000000000000348,0x53614f1cb0c031d4af66c04cb9c756234adad0e1cee85303795091499a4084eb,120,300
SFRXETH,USD,Pyth,Yes,Yes,PythOracle,0x4305FB66699C3B2702D4d05CF36551390A4c69C6,0xac3E018457B222d93114458476f3E3416Abbe38F,0x0000000000000000000000000000000000000348,0xb2bb466ff5386a63c18aa7c3bc953cb540c755e2aa99dafb13bc4c177692bed0,120,300
SHDW,USD,Pyth,No,No,PythOracle,0x4305FB66699C3B2702D4d05CF36551390A4c69C6,,0x0000000000000000000000000000000000000348,0x823df7874b35e0a6ad4f1f3a8298e1ec8bf3c20d188edbc1e2b56886adb73d38,120,300
SHIB,USD,Pyth,No,No,PythOracle,0x4305FB66699C3B2702D4d05CF36551390A4c69C6,0x95ad61b0a150d79219dcf64e1e6cc01f0b64c4ce,0x0000000000000000000000000000000000000348,0xf0d57deca57b3da2fe63a493f4c25925fdfd8edf834b20f93e1f84dbd1504d4a,120,300
SKL,USD,Pyth,No,No,PythOracle,0x4305FB66699C3B2702D4d05CF36551390A4c69C6,0x00c83aecc790e8a4453e5dd3b0b4b3680501a7a7,0x0000000000000000000000000000000000000348,0x597d2ae7e4b92165d40f03ae57895e3e8245762a177b6db3274e4322b78f5b82,120,300
SLND,USD,Pyth,No,No,PythOracle,0x4305FB66699C3B2702D4d05CF36551390A4c69C6,,0x0000000000000000000000000000000000000348,0xf8d030e4ef460b91ad23eabbbb27aec463e3c30ecc8d5c4b71e92f54a36ccdbd,120,300
SLP,USD,Pyth,No,No,PythOracle,0x4305FB66699C3B2702D4d05CF36551390A4c69C6,,0x0000000000000000000000000000000000000348,0xfba17701be318087db58d9797d5f1e89dcf5b95773ae2227c8a8eb4cf1d4e554,120,300
SMR,USD,Pyth,No,No,PythOracle,0x4305FB66699C3B2702D4d05CF36551390A4c69C6,,0x0000000000000000000000000000000000000348,0xaf5b9ac426ae79591fde6816bc3f043b5e06d5e442f52112f76249320df22449,120,300
SNX,USD,Pyth,Yes,Yes,PythOracle,0x4305FB66699C3B2702D4d05CF36551390A4c69C6,0xc011a73ee8576fb46f5e1c5751ca3b9fe0af2a6f,0x0000000000000000000000000000000000000348,0x39d020f60982ed892abbcd4a06a276a9f9b7bfbce003204c110b6e488f502da3,120,300
SOL,USD,Pyth,No,No,PythOracle,0x4305FB66699C3B2702D4d05CF36551390A4c69C6,,0x0000000000000000000000000000000000000348,0xef0d8b6fda2ceba41da15d4095d1da392a0d2f8ed0c6c7bc0f4cfac8c280b56d,120,300
SPA,USD,Pyth,No,No,PythOracle,0x4305FB66699C3B2702D4d05CF36551390A4c69C6,,0x0000000000000000000000000000000000000348,0xcdaf63079d7abee0f54344fb19bf4e23d1e6c8ff7d8e820c86ce119b0ddc14cd,120,300
SPELL,USD,Pyth,No,No,PythOracle,0x4305FB66699C3B2702D4d05CF36551390A4c69C6,0x090185f2135308BaD17527004364eBcC2D37e5F6,0x0000000000000000000000000000000000000348,0x1dcf38b0206d27849b0fcb8d2df21aff4f95873cce223f49d7c1ea3c5145ec63,120,300
STETH,ETH,Pyth,No,No,PythOracle,0x4305FB66699C3B2702D4d05CF36551390A4c69C6,0xae7ab96520DE3A18E5e111B5EaAb095312D7fE84,0x0000000000000000000000000000000000000348,0x3af6a3098c56f58ff47cc46dee4a5b1910e5c157f7f0b665952445867470d61f,120,300
STETH,USD,Pyth,No,No,PythOracle,0x4305FB66699C3B2702D4d05CF36551390A4c69C6,0xae7ab96520DE3A18E5e111B5EaAb095312D7fE84,0x0000000000000000000000000000000000000348,0x846ae1bdb6300b817cee5fdee2a6da192775030db5615b94a465f53bd40850b5,120,300
STG,USD,Pyth,Yes,Yes,PythOracle,0x4305FB66699C3B2702D4d05CF36551390A4c69C6,0xAf5191B0De278C7286d6C7CC6ab6BB8A73bA2Cd6,0x0000000000000000000000000000000000000348,0x008546b175392b878c5c7ff0b6327b1cb12669be012fc2935c09a16fc8f6c58f,120,300
STONE,USD,Pyth,No,No,PythOracle,0x4305FB66699C3B2702D4d05CF36551390A4c69C6,0x7122985656e38bdc0302db86685bb972b145bd3c,0x0000000000000000000000000000000000000348,0x4dcc2fb96fb89a802ef9712f6bd2246d3607cf95ca5540cb24490d37003f8c46,120,300
STORJ,USD,Pyth,No,No,PythOracle,0x4305FB66699C3B2702D4d05CF36551390A4c69C6,0xb64ef51c888972c908cfacf59b47c1afbc0ab8ac,0x0000000000000000000000000000000000000348,0x21776e4ed1e763d580071fd6394d71e582672c788f64f4a279e60ec1497e27c4,120,300
STRK,USD,Pyth,No,No,PythOracle,0x4305FB66699C3B2702D4d05CF36551390A4c69C6,0xCa14007Eff0dB1f8135f4C25B34De49AB0d42766,0x0000000000000000000000000000000000000348,0x6a182399ff70ccf3e06024898942028204125a819e519a335ffa4579e66cd870,120,300
STSOL,USD,Pyth,No,No,PythOracle,0x4305FB66699C3B2702D4d05CF36551390A4c69C6,,0x0000000000000000000000000000000000000348,0xa1a6465f4c2ebf244c31d80bc95c27345a3424e428c2def33eced9e90d3f701b,120,300
STX,USD,Pyth,No,No,PythOracle,0x4305FB66699C3B2702D4d05CF36551390A4c69C6,,0x0000000000000000000000000000000000000348,0xec7a775f46379b5e943c3526b1c8d54cd49749176b0b98e02dde68d1bd335c17,120,300
SUI,USD,Pyth,No,No,PythOracle,0x4305FB66699C3B2702D4d05CF36551390A4c69C6,,0x0000000000000000000000000000000000000348,0x23d7315113f5b1d3ba7a83604c44b94d79f4fd69af77f804fc7f920a6dc65744,120,300
SUSDE,USD,Pyth,Yes,Yes,PythOracle,0x4305FB66699C3B2702D4d05CF36551390A4c69C6,0x9d39a5de30e57443bff2a8307a4256c8797a3497,0x0000000000000000000000000000000000000348,0xca3ba9a619a4b3755c10ac7d5e760275aa95e9823d38a84fedd416856cdba37c,120,300
SUSHI,USD,Pyth,Yes,Yes,PythOracle,0x4305FB66699C3B2702D4d05CF36551390A4c69C6,0x6b3595068778dd592e39a122f4f5a5cf09c90fe2,0x0000000000000000000000000000000000000348,0x26e4f737fde0263a9eea10ae63ac36dcedab2aaf629261a994e1eeb6ee0afe53,120,300
SWEAT,USD,Pyth,No,No,PythOracle,0x4305FB66699C3B2702D4d05CF36551390A4c69C6,0xb4b9dc1c77bdbb135ea907fd5a08094d98883a35,0x0000000000000000000000000000000000000348,0x432a52bde005a010dc32c47733e4595fea0ea04df3b5aaa1c45153a527d646f0,120,300
SWETH,USD,Pyth,Yes,Yes,PythOracle,0x4305FB66699C3B2702D4d05CF36551390A4c69C6,0xf951E335afb289353dc249e82926178EaC7DEd78,0x0000000000000000000000000000000000000348,0x2fd8f34e9e6cb5c1a757e1aeb919136da3ae6d0d2243b2ad93d661e590578cd1,120,300
SXP,USD,Pyth,No,No,PythOracle,0x4305FB66699C3B2702D4d05CF36551390A4c69C6,,0x0000000000000000000000000000000000000348,0x13b82e2a3f97f39504638b45aeab690ab47fd975f9a2e689cac3c77089f26f4d,120,300
SYN,USD,Pyth,No,No,PythOracle,0x4305FB66699C3B2702D4d05CF36551390A4c69C6,0x0f2d719407fdbeff09d87557abb7232601fd9f29,0x0000000000000000000000000000000000000348,0x0afa62dff138fe0ea24e54bb875a634cc729675dab9f84462c964b2bb14c0349,120,300
TAIKO,USD,Pyth,No,No,PythOracle,0x4305FB66699C3B2702D4d05CF36551390A4c69C6,0x10dea67478c5f8c5e2d90e5e9b26dbe60c54d800,0x0000000000000000000000000000000000000348,0xd878b9766566a87675421e9b11992c1f2ca2438d5b7d841cb147308e1bd6bb99,120,300
TAO,USD,Pyth,No,No,PythOracle,0x4305FB66699C3B2702D4d05CF36551390A4c69C6,,0x0000000000000000000000000000000000000348,0x410f41de235f2db824e562ea7ab2d3d3d4ff048316c61d629c0b93f58584e1af,120,300
TBTC,USD,Pyth,Yes,Yes,PythOracle,0x4305FB66699C3B2702D4d05CF36551390A4c69C6,0x18084fba666a33d37592fa2633fd49a74dd93a88,0x0000000000000000000000000000000000000348,0x56a3121958b01f99fdc4e1fd01e81050602c7ace3a571918bb55c6a96657cca9,120,300
TENET,USD,Pyth,No,No,PythOracle,0x4305FB66699C3B2702D4d05CF36551390A4c69C6,,0x0000000000000000000000000000000000000348,0x29429344e993184204b4d484a8322c7bd221a7e4aebf354ddf6c3d230e141822,120,300
THAPT,USD,Pyth,No,No,PythOracle,0x4305FB66699C3B2702D4d05CF36551390A4c69C6,,0x0000000000000000000000000000000000000348,0xb29276972267db5d64ae718fb7f107ad9e72a79cabf9992f0e9bc75ad451a7f6,120,300
THETA,USD,Pyth,No,No,PythOracle,0x4305FB66699C3B2702D4d05CF36551390A4c69C6,,0x0000000000000000000000000000000000000348,0xee70804471fe22d029ac2d2b00ea18bbf4fb062958d425e5830fd25bed430345,120,300
THL,USD,Pyth,No,No,PythOracle,0x4305FB66699C3B2702D4d05CF36551390A4c69C6,,0x0000000000000000000000000000000000000348,0x74e3fbb0d33e0ed8c0078b56134dcebdae38852f0858a8ea4de4c5ea7474bd42,120,300
TIA,USD,Pyth,No,No,PythOracle,0x4305FB66699C3B2702D4d05CF36551390A4c69C6,,0x0000000000000000000000000000000000000348,0x09f7c1d7dfbb7df2b8fe3d3d87ee94a2259d212da4f30c1f0540d066dfa44723,120,300
TNSR,USD,Pyth,No,No,PythOracle,0x4305FB66699C3B2702D4d05CF36551390A4c69C6,,0x0000000000000000000000000000000000000348,0x05ecd4597cd48fe13d6cc3596c62af4f9675aee06e2e0b94c06d8bee2b659e05,120,300
TOKEN,USD,Pyth,No,No,PythOracle,0x4305FB66699C3B2702D4d05CF36551390A4c69C6,0x4507cEf57C46789eF8d1a19EA45f4216bae2B528,0x0000000000000000000000000000000000000348,0x12d65f1ff0624e4fe2cb450040cc7ba1db91914ad29e4c1a1d339494f078a92b,120,300
TON,USD,Pyth,No,No,PythOracle,0x4305FB66699C3B2702D4d05CF36551390A4c69C6,0x582d872a1b094fc48f5de31d3b73f2d9be47def1,0x0000000000000000000000000000000000000348,0x8963217838ab4cf5cadc172203c1f0b763fbaa45f346d8ee50ba994bbcac3026,120,300
TRB,USD,Pyth,No,No,PythOracle,0x4305FB66699C3B2702D4d05CF36551390A4c69C6,,0x0000000000000000000000000000000000000348,0xddcd037c2de8dbf2a0f6eebf1c039924baf7ebf0e7eb3b44bf421af69cc1b06d,120,300
TRX,USD,Pyth,No,No,PythOracle,0x4305FB66699C3B2702D4d05CF36551390A4c69C6,,0x0000000000000000000000000000000000000348,0x67aed5a24fdad045475e7195c98a98aea119c763f272d4523f5bac93a4f33c2b,120,300
TURBOS,USD,Pyth,No,No,PythOracle,0x4305FB66699C3B2702D4d05CF36551390A4c69C6,,0x0000000000000000000000000000000000000348,0xf9c2e890443dd995d0baafc08eea3358be1ffb874f93f99c30b3816c460bbac3,120,300
TUSD,USD,Pyth,Yes,Yes,PythOracle,0x4305FB66699C3B2702D4d05CF36551390A4c69C6,0x0000000000085d4780b73119b644ae5ecd22b376,0x0000000000000000000000000000000000000348,0x433faaa801ecdb6618e3897177a118b273a8e18cc3ff545aadfc207d58d028f7,120,300
TWT,USD,Pyth,No,No,PythOracle,0x4305FB66699C3B2702D4d05CF36551390A4c69C6,,0x0000000000000000000000000000000000000348,0x35f1e0d9248599d276111821c0fd636b43eef18737c3bb61c7c5c47059787a32,120,300
UMA,USD,Pyth,No,No,PythOracle,0x4305FB66699C3B2702D4d05CF36551390A4c69C6,0x04fa0d235c4abf4bcf4787af4cf447de572ef828,0x0000000000000000000000000000000000000348,0x4b78d251770732f6304b1f41e9bebaabc3b256985ef18988f6de8d6562dd254c,120,300
UNI,USD,Pyth,Yes,Yes,PythOracle,0x4305FB66699C3B2702D4d05CF36551390A4c69C6,0x1f9840a85d5af5bf1d1762f925bdaddc4201f984,0x0000000000000000000000000000000000000348,0x78d185a741d07edb3412b09008b7c5cfb9bbbd7d568bf00ba737b456ba171501,120,300
USDB,USD,Pyth,No,No,PythOracle,0x4305FB66699C3B2702D4d05CF36551390A4c69C6,,0x0000000000000000000000000000000000000348,0x41283d3f78ccb459a24e5f1f1b9f5a72a415a26ff9ce0391a6878f4cda6b477b,120,300
USDC,USD,Pyth,Yes,Yes,PythOracle,0x4305FB66699C3B2702D4d05CF36551390A4c69C6,0xa0b86991c6218b36c1d19d4a2e9eb0ce3606eb48,0x0000000000000000000000000000000000000348,0xeaa020c61cc479712813461ce153894a96a6c00b21ed0cfc2798d1f9a9e9c94a,120,300
USDD,USD,Pyth,No,No,PythOracle,0x4305FB66699C3B2702D4d05CF36551390A4c69C6,0x0c10bf8fcb7bf5412187a595ab97a3609160b5c6,0x0000000000000000000000000000000000000348,0x6d20210495d6518787b72e4ad06bc4df21e68d89a802cf6bced2fca6c29652a6,120,300
USDE,USD,Pyth,Yes,Yes,PythOracle,0x4305FB66699C3B2702D4d05CF36551390A4c69C6,0x4c9edd5852cd905f086c759e8383e09bff1e68b3,0x0000000000000000000000000000000000000348,0x6ec879b1e9963de5ee97e9c8710b742d6228252a5e2ca12d4ae81d7fe5ee8c5d,120,300
USDM,USD,Pyth,No,No,PythOracle,0x4305FB66699C3B2702D4d05CF36551390A4c69C6,0x59D9356E565Ab3A36dD77763Fc0d87fEaf85508C,0x0000000000000000000000000000000000000348,0xa6a0dfa49b6b3a93510658245618099f5e842514970f596cf64fad9e0d658193,120,300
USDP,USD,Pyth,Yes,Yes,PythOracle,0x4305FB66699C3B2702D4d05CF36551390A4c69C6,0x8e870d67f660d95d5be530380d0ec0bd388289e1,0x0000000000000000000000000000000000000348,0xa6c8eca9aea31d6bb81fd6576638f30692d4afaa73237c097c193477aa5003b3,120,300
USDT,USD,Pyth,Yes,Yes,PythOracle,0x4305FB66699C3B2702D4d05CF36551390A4c69C6,0xdac17f958d2ee523a2206206994597c13d831ec7,0x0000000000000000000000000000000000000348,0x2b89b9dc8fdf9f34709a5b106b472f0f39bb6ca9ce04b0fd7f2e971688e2e53b,120,300
USDY,USD,Pyth,Yes,Yes,PythOracle,0x4305FB66699C3B2702D4d05CF36551390A4c69C6,0x96f6ef951840721adbf46ac996b59e0235cb985c,0x0000000000000000000000000000000000000348,0xe393449f6aff8a4b6d3e1165a7c9ebec103685f3b41e60db4277b5b6d10e7326,120,300
USTC,USD,Pyth,No,No,PythOracle,0x4305FB66699C3B2702D4d05CF36551390A4c69C6,,0x0000000000000000000000000000000000000348,0xef94acc2fb09eb976c6eb3000bab898cab891d5b800702cd1dc88e61d7c3c5e6,120,300
VELA,USD,Pyth,No,No,PythOracle,0x4305FB66699C3B2702D4d05CF36551390A4c69C6,,0x0000000000000000000000000000000000000348,0x4b1ddc065d08214eb06878d6130a66665febc3fd201733e9bb481094b5de8a32,120,300
VET,USD,Pyth,No,No,PythOracle,0x4305FB66699C3B2702D4d05CF36551390A4c69C6,,0x0000000000000000000000000000000000000348,0x1722176f738aa1aafea170f8b27724042c5ac6d8cb9cf8ae02d692b0927e0681,120,300
VIC,USD,Pyth,No,No,PythOracle,0x4305FB66699C3B2702D4d05CF36551390A4c69C6,,0x0000000000000000000000000000000000000348,0xf80ba6864e3f1b36c873bcb2767079d5fb86cf04855e714b2a0f30d7e0830a24,120,300
VSUI,USD,Pyth,No,No,PythOracle,0x4305FB66699C3B2702D4d05CF36551390A4c69C6,,0x0000000000000000000000000000000000000348,0x57ff7100a282e4af0c91154679c5dae2e5dcacb93fd467ea9cb7e58afdcfde27,120,300
W,USD,Pyth,No,No,PythOracle,0x4305FB66699C3B2702D4d05CF36551390A4c69C6,0xB0fFa8000886e57F86dd5264b9582b2Ad87b2b91,0x0000000000000000000000000000000000000348,0xeff7446475e218517566ea99e72a4abec2e1bd8498b43b7d8331e29dcb059389,120,300
WAVES,USD,Pyth,No,No,PythOracle,0x4305FB66699C3B2702D4d05CF36551390A4c69C6,,0x0000000000000000000000000000000000000348,0x70dddcb074263ce201ea9a1be5b3537e59ed5b9060d309e12d61762cfe59fb7e,120,300
WBTC,USD,Pyth,Yes,Yes,PythOracle,0x4305FB66699C3B2702D4d05CF36551390A4c69C6,0x2260fac5e5542a773aa44fbcfedf7c193bc2c599,0x0000000000000000000000000000000000000348,0xc9d8b075a5c69303365ae23633d4e085199bf5c520a3b90fed1322a0342ffc33,120,300
WEETH,USD,Pyth,Yes,Yes,PythOracle,0x4305FB66699C3B2702D4d05CF36551390A4c69C6,0xCd5fE23C85820F7B72D0926FC9b05b43E359b7ee,0x0000000000000000000000000000000000000348,0x9ee4e7c60b940440a261eb54b6d8149c23b580ed7da3139f7f08f4ea29dad395,120,300
WEMIX,USD,Pyth,No,No,PythOracle,0x4305FB66699C3B2702D4d05CF36551390A4c69C6,,0x0000000000000000000000000000000000000348,0xf63f008474fad630207a1cfa49207d59bca2593ea64fc0a6da9bf3337485791c,120,300
WEN,USD,Pyth,No,No,PythOracle,0x4305FB66699C3B2702D4d05CF36551390A4c69C6,,0x0000000000000000000000000000000000000348,0x5169491cd7e2a44c98353b779d5eb612e4ac32e073f5cc534303d86307c2f1bc,120,300
WETH,USD,Pyth,No,No,PythOracle,0x4305FB66699C3B2702D4d05CF36551390A4c69C6,,0x0000000000000000000000000000000000000348,0x9d4294bbcd1174d6f2003ec365831e64cc31d9f6f15a2b85399db8d5000960f6,120,300
WIF,USD,Pyth,No,No,PythOracle,0x4305FB66699C3B2702D4d05CF36551390A4c69C6,,0x0000000000000000000000000000000000000348,0x4ca4beeca86f0d164160323817a4e42b10010a724c2217c6ee41b54cd4cc61fc,120,300
WLD,USD,Pyth,Yes,Yes,PythOracle,0x4305FB66699C3B2702D4d05CF36551390A4c69C6,0x163f8c2467924be0ae7b5347228cabf260318753,0x0000000000000000000000000000000000000348,0xd6835ad1f773de4a378115eb6824bd0c0e42d84d1c84d9750e853fb6b6c7794a,120,300
WOJAK,USD,Pyth,No,No,PythOracle,0x4305FB66699C3B2702D4d05CF36551390A4c69C6,0x5026f006b85729a8b14553fae6af249ad16c9aab,0x0000000000000000000000000000000000000348,0x6e89dbed2351e3c85a9ce1c782ca1e34b6ef2c4775f1cb691739bbe6d0697e86,120,300
WOM,USD,Pyth,No,No,PythOracle,0x4305FB66699C3B2702D4d05CF36551390A4c69C6,,0x0000000000000000000000000000000000000348,0x43cddc3e1d0b17fec1cf2a230f46e9319887a037dcee56e053af44d8259fb042,120,300
WOO,USD,Pyth,Yes,Yes,PythOracle,0x4305FB66699C3B2702D4d05CF36551390A4c69C6,0x4691937a7508860f876c9c0a2a617e7d9e945d4b,0x0000000000000000000000000000000000000348,0xb82449fd728133488d2d41131cffe763f9c1693b73c544d9ef6aaa371060dd25,120,300
WSTETH,USD,Pyth,Yes,Yes,PythOracle,0x4305FB66699C3B2702D4d05CF36551390A4c69C6,0x7f39c581f595b53c5cb19bd0b3f8da6c935e2ca0,0x0000000000000000000000000000000000000348,0x6df640f3b8963d8f8358f791f352b8364513f6ab1cca5ed3f1f7b5448980e784,120,300
XAI,USD,Pyth,No,No,PythOracle,0x4305FB66699C3B2702D4d05CF36551390A4c69C6,0x35e78b3982e87ecfd5b3f3265b601c046cdbe232,0x0000000000000000000000000000000000000348,0xf7ac0d8fdf22640d39de13816cd0942aa6cf3874b95028d9a602056e1dc95e96,120,300
XAUT,USD,Pyth,Yes,Yes,PythOracle,0x4305FB66699C3B2702D4d05CF36551390A4c69C6,0x68749665FF8D2d112Fa859AA293F07A622782F38,0x0000000000000000000000000000000000000348,0x44465e17d2e9d390e70c999d5a11fda4f092847fcd2e3e5aa089d96c98a30e67,120,300
XDC,USD,Pyth,No,No,PythOracle,0x4305FB66699C3B2702D4d05CF36551390A4c69C6,,0x0000000000000000000000000000000000000348,0xf689a76211f3505826357e49ddd683221d9632735e2b27fd07fb1805c47cdace,120,300
XEC,USD,Pyth,No,No,PythOracle,0x4305FB66699C3B2702D4d05CF36551390A4c69C6,,0x0000000000000000000000000000000000000348,0x44622616f246ce5fc46cf9ebdb879b0c0157275510744cea824ad206e48390b3,120,300
XLM,USD,Pyth,No,No,PythOracle,0x4305FB66699C3B2702D4d05CF36551390A4c69C6,,0x0000000000000000000000000000000000000348,0xb7a8eba68a997cd0210c2e1e4ee811ad2d174b3611c22d9ebf16f4cb7e9ba850,120,300
XMR,USD,Pyth,No,No,PythOracle,0x4305FB66699C3B2702D4d05CF36551390A4c69C6,,0x0000000000000000000000000000000000000348,0x46b8cc9347f04391764a0361e0b17c3ba394b001e7c304f7650f6376e37c321d,120,300
XPRT,USD,Pyth,No,No,PythOracle,0x4305FB66699C3B2702D4d05CF36551390A4c69C6,,0x0000000000000000000000000000000000000348,0x9f520bbc39aad043e3bbb46b05079222d63bd94c150205f2a8889b6b36a0f376,120,300
XRD,USD,Pyth,No,No,PythOracle,0x4305FB66699C3B2702D4d05CF36551390A4c69C6,,0x0000000000000000000000000000000000000348,0x816c6604beb161d3ad9c3b584f06c682e6299516165d756a68c7660b073b7072,120,300
XRP,USD,Pyth,No,No,PythOracle,0x4305FB66699C3B2702D4d05CF36551390A4c69C6,,0x0000000000000000000000000000000000000348,0xec5d399846a9209f3fe5881d70aae9268c94339ff9817e8d18ff19fa05eea1c8,120,300
XTZ,USD,Pyth,No,No,PythOracle,0x4305FB66699C3B2702D4d05CF36551390A4c69C6,,0x0000000000000000000000000000000000000348,0x0affd4b8ad136a21d79bc82450a325ee12ff55a235abc242666e423b8bcffd03,120,300
YFI,USD,Pyth,Yes,Yes,PythOracle,0x4305FB66699C3B2702D4d05CF36551390A4c69C6,0x0bc529c00c6401aef6d220be8c6ea1667f6ad93e,0x0000000000000000000000000000000000000348,0x425f4b198ab2504936886c1e93511bb6720fbcf2045a4f3c0723bb213846022f,120,300
ZEC,USD,Pyth,No,No,PythOracle,0x4305FB66699C3B2702D4d05CF36551390A4c69C6,,0x0000000000000000000000000000000000000348,0xbe9b59d178f0d6a97ab4c343bff2aa69caa1eaae3e9048a65788c529b125bb24,120,300
ZEN,USD,Pyth,No,No,PythOracle,0x4305FB66699C3B2702D4d05CF36551390A4c69C6,,0x0000000000000000000000000000000000000348,0xd183ffe0155e8a55e7274155a14ea2e8b54059cef471f88fa3f7eb4b5d8dbc24,120,300
ZERO,USD,Pyth,No,No,PythOracle,0x4305FB66699C3B2702D4d05CF36551390A4c69C6,,0x0000000000000000000000000000000000000348,0x9a11b5c6c8d6d266444459316c3aee7684aaa5a5434b189a173d8cddbb3deaae,120,300
ZETA,USD,Pyth,No,No,PythOracle,0x4305FB66699C3B2702D4d05CF36551390A4c69C6,0xf091867ec603a6628ed83d274e835539d82e9cc8,0x0000000000000000000000000000000000000348,0xb70656181007f487e392bf0d92e55358e9f0da5da6531c7c4ce7828aa11277fe,120,300
ZEUS,USD,Pyth,No,No,PythOracle,0x4305FB66699C3B2702D4d05CF36551390A4c69C6,,0x0000000000000000000000000000000000000348,0x31558e9ccb18c151af6c52bf78afd03098a7aca1b9cf171a65b693b464c2f066,120,300
ZEX,USD,Pyth,No,No,PythOracle,0x4305FB66699C3B2702D4d05CF36551390A4c69C6,,0x0000000000000000000000000000000000000348,0x3d63be09d1b88f6dffe6585d0170670592124fd9fa4e0fe8a09ff18464f05e3a,120,300
ZIL,USD,Pyth,No,No,PythOracle,0x4305FB66699C3B2702D4d05CF36551390A4c69C6,,0x0000000000000000000000000000000000000348,0x609722f3b6dc10fee07907fe86781d55eb9121cd0705b480954c00695d78f0cb,120,300
ZK,USD,Pyth,No,No,PythOracle,0x4305FB66699C3B2702D4d05CF36551390A4c69C6,,0x0000000000000000000000000000000000000348,0xcc03dc09298fb447e0bf9afdb760d5b24340fd2167fd33d8967dd8f9a141a2e8,120,300
ZKF,USD,Pyth,No,No,PythOracle,0x4305FB66699C3B2702D4d05CF36551390A4c69C6,,0x0000000000000000000000000000000000000348,0x61198c533c5753f457904edc603b315f1eec0dddb71a8f8ac8ffadb644e7cfd2,120,300
ZRO,USD,Pyth,No,No,PythOracle,0x4305FB66699C3B2702D4d05CF36551390A4c69C6,0x6985884c4392d348587b19cb9eaaf157f13271cd,0x0000000000000000000000000000000000000348,0x3bd860bea28bf982fa06bcf358118064bb114086cc03993bd76197eaab0b8018,120,300
FDUSD,USD,Pyth,Yes,Yes,PythOracle,0x4305FB66699C3B2702D4d05CF36551390A4c69C6,0xc5f0f7b66764F6ec8C8Dff7BA683102295E16409,0x0000000000000000000000000000000000000348,0xccdc1a08923e2e4f4b1e6ea89de6acbc5fe1948e9706f5604b8cb50bc1ed3979,120,300
USD0,USD,Pyth,Yes,Yes,PythOracle,0x4305FB66699C3B2702D4d05CF36551390A4c69C6,0x73a15fed60bf67631dc6cd7bc5b6e8da8190acf5,0x0000000000000000000000000000000000000348,0x5e8c65917af89ed66d03d082b1ae5ac93b8ed8e32363a61842c33f7d66cb2e00,120,300
USD0++,USD,Pyth,Yes,Yes,PythOracle,0x4305FB66699C3B2702D4d05CF36551390A4c69C6,0x35d8949372d46b7a3d5a56006ae77b215fc69bc0,0x0000000000000000000000000000000000000348,0xf9c96a45784d0ce4390825a43a313149da787e6a6c66076f3a3f83e92501baeb,120,300
G,USD,Pyth,Yes,Yes,PythOracle,0x4305FB66699C3B2702D4d05CF36551390A4c69C6,0x9C7BEBa8F6eF6643aBd725e45a4E8387eF260649,0x0000000000000000000000000000000000000348,0x0f6539d2f188eef5cb9dfba796f4c40407e55df14bb668a81a9ba3678d5a625c,120,300
EIGEN,USD,Pyth,Yes,Yes,PythOracle,0x4305FB66699C3B2702D4d05CF36551390A4c69C6,0xec53bF9167f50cDEB3Ae105f56099aaaB9061F83,0x0000000000000000000000000000000000000348,0xc65db025687356496e8653d0d6608eec64ce2d96e2e28c530e574f0e4f712380,120,300
STRK,USD,Pyth,Yes,Yes,PythOracle,0x4305FB66699C3B2702D4d05CF36551390A4c69C6,0xCa14007Eff0dB1f8135f4C25B34De49AB0d42766,0x0000000000000000000000000000000000000348,0x6a182399ff70ccf3e06024898942028204125a819e519a335ffa4579e66cd870,120,300
CBBTC_FUNDAMENTAL,USD,Pyth,Yes,No,PythOracle,0x4305FB66699C3B2702D4d05CF36551390A4c69C6,0xcbB7C0000aB88B473b1f5aFd9ef808440eed33Bf,0x0000000000000000000000000000000000000348,0xe62df6c8b4a85fe1a67db44dc12de5db330f7ac66b72dc658afedf0f4a415b43,120,300
WBTC_FUNDAMENTAL,USD,Pyth,Yes,No,PythOracle,0x4305FB66699C3B2702D4d05CF36551390A4c69C6,0x2260fac5e5542a773aa44fbcfedf7c193bc2c599,0x0000000000000000000000000000000000000348,0xe62df6c8b4a85fe1a67db44dc12de5db330f7ac66b72dc658afedf0f4a415b43,120,300
LBTC_FUNDAMENTAL,USD,Pyth,Yes,No,PythOracle,0x4305FB66699C3B2702D4d05CF36551390A4c69C6,0x8236a87084f8B84306f72007F36F2618A5634494,0x0000000000000000000000000000000000000348,0xe62df6c8b4a85fe1a67db44dc12de5db330f7ac66b72dc658afedf0f4a415b43,120,300
EBTC_FUNDAMENTAL,USD,Pyth,Yes,No,PythOracle,0x4305FB66699C3B2702D4d05CF36551390A4c69C6,0x657e8C867D8B37dCC18fA4Caead9C45EB088C642,0x0000000000000000000000000000000000000348,0xe62df6c8b4a85fe1a67db44dc12de5db330f7ac66b72dc658afedf0f4a415b43,120,300
CBBTC,USD,Pyth,Yes,Yes,PythOracle,0x4305FB66699C3B2702D4d05CF36551390A4c69C6,0xcbB7C0000aB88B473b1f5aFd9ef808440eed33Bf,0x0000000000000000000000000000000000000348,0x2817d7bfe5c64b8ea956e9a26f573ef64e72e4d7891f2d6af9bcc93f7aff9a97,120,300
USDA,USD,Pyth,Yes,Yes,PythOracle,0x4305FB66699C3B2702D4d05CF36551390A4c69C6,0x0000206329b97DB379d5E1Bf586BbDB969C63274,0x0000000000000000000000000000000000000348,0x3a1050a3c03354c94ed44acf808327f05b7f9d610f38644684f5ce4796cce27b,120,300
deUSD,USD,Pyth,Yes,Yes,PythOracle,0x4305FB66699C3B2702D4d05CF36551390A4c69C6,0x15700B564Ca08D9439C58cA5053166E8317aa138,0x0000000000000000000000000000000000000348,0x14890ba9c221092cba3d6ce86846d61f8606cefaf3dfc20bf3e2ab99de2644c0,120,300
USDS,USD,Pyth,Yes,Yes,PythOracle,0x4305FB66699C3B2702D4d05CF36551390A4c69C6,0xdC035D45d973E3EC169d2276DDab16f1e407384F,0x0000000000000000000000000000000000000348,0x77f0971af11cc8bac224917275c1bf55f2319ed5c654a1ca955c82fa2d297ea1,120,300
METH_FUNDAMENTAL,ETH,Pyth,Yes,Yes,PythOracle,0x4305FB66699C3B2702D4d05CF36551390A4c69C6,0xd5F7838F5C461fefF7FE49ea5ebaF7728bB0ADfa,0xC02aaA39b223FE8D0A0e5C4F27eAD9083C756Cc2,0xee279eeb2fec830e3f535ad4d6524eb35eb1c6890cb1afc0b64554d08c88727e,120,300
